Area,Rooms,Code,Currency,Year,Average,January-March,April-June,July-September,October-December
,,51000.0,NIS thousand,2020.0,"1,600.6","1,621.4","1,542.5","1,571.7","1,629.2"
Total),2-1,51010.0,NIS thousand,2020.0,"1,077.3","1,130.8",991.7,"1,052.3","1,100.9"
Total),2.5-3,51030.0,NIS thousand,2020.0,"1,221.3","1,260.2","1,183.2","1,192.9","1,230.3"
Total),3.5-4,51050.0,NIS thousand,2020.0,"1,582.5","1,604.5","1,540.8","1,553.8","1,599.7"
Total),4.5-5,51070.0,NIS thousand,2020.0,"1,960.7","1,968.1","1,847.2","1,933.7","2,025.6"
Total),5.5-6,51090.0,NIS thousand,2020.0,"2,473.9","2,452.6","2,432.7","2,457.2","2,485.2"
,,51100.0,NIS thousand,2020.0,"1,849.2","1,892.8","1,827.6","1,812.7","1,854.5"
Jerusalem District,2-1,51110.0,NIS thousand,2020.0,"1,392.3","1,311.0","1,282.9","1,431.6","1,508.4"
Jerusalem District,2.5-3,51130.0,NIS thousand,2020.0,"1,460.0","1,541.7","1,478.6","1,443.4","1,402.3"
Jerusalem District,3.5-4,51150.0,NIS thousand,2020.0,"1,978.8","2,028.5","1,896.4","1,936.4","2,022.0"
Jerusalem District,4.5-5,51170.0,NIS thousand,2020.0,"2,296.3","2,232.2","2,218.6","2,257.7","2,421.6"
Jerusalem District,5.5-6,51190.0,NIS thousand,2020.0,"2,786.8","3,006.7","2,978.4","2,483.0","2,818.2"
,,51200.0,NIS thousand,2020.0,970.2,931.1,963.1,953.6,"1,010.8"
North District,2-1,51210.0,NIS thousand,2020.0,432.4,418.5,425.5,440.3,449.4
North District,2.5-3,51230.0,NIS thousand,2020.0,653.9,626.1,645.8,655.9,681.2
North District,3.5-4,51250.0,NIS thousand,2020.0,967.0,933.8,956.1,950.2,"1,007.9"
North District,4.5-5,51270.0,NIS thousand,2020.0,"1,272.2","1,264.1","1,233.1","1,225.5","1,342.0"
North District,5.5-6,51290.0,NIS thousand,2020.0,"1,735.3","1,770.8","1,685.5","1,699.6","1,715.1"
,,51300.0,NIS thousand,2020.0,"1,235.3","1,233.9","1,241.8","1,238.5","1,227.5"
Haifa District,2-1,51310.0,NIS thousand,2020.0,606.8,585.6,577.3,635.3,609.2
Haifa District,2.5-3,51330.0,NIS thousand,2020.0,859.4,826.3,864.5,871.4,870.8
Haifa District,3.5-4,51350.0,NIS thousand,2020.0,"1,233.1","1,219.5","1,231.4","1,240.8","1,232.2"
Haifa District,4.5-5,51370.0,NIS thousand,2020.0,"1,583.4","1,566.9","1,572.4","1,587.6","1,579.9"
Haifa District,5.5-6,51390.0,NIS thousand,2020.0,"2,150.0","2,236.0","2,101.1","2,148.5","2,085.0"
,,51400.0,NIS thousand,2020.0,"1,871.0","1,876.3","1,830.8","1,827.9","1,922.7"
center District,2-1,51410.0,NIS thousand,2020.0,"1,000.8","1,008.1",987.8,"1,012.6",988.7
center District,2.5-3,51430.0,NIS thousand,2020.0,"1,278.7","1,308.6","1,264.0","1,240.3","1,302.2"
center District,3.5-4,51450.0,NIS thousand,2020.0,"1,783.8","1,768.6","1,761.8","1,770.3","1,819.1"
center District,4.5-5,51470.0,NIS thousand,2020.0,"2,221.4","2,246.8","2,141.0","2,157.1","2,290.9"
center District,5.5-6,51490.0,NIS thousand,2020.0,"2,681.1","2,590.2","2,685.9","2,713.4","2,705.2"
,,51500.0,NIS thousand,2020.0,"2,373.4","2,380.7","2,247.2","2,365.4","2,398.9"
Tel Aviv District,2-1,51510.0,NIS thousand,2020.0,"1,618.1","1,667.5","1,586.2","1,583.4","1,607.9"
Tel Aviv District,2.5-3,51530.0,NIS thousand,2020.0,"1,928.6","2,000.7","1,859.7","1,863.9","1,926.6"
Tel Aviv District,3.5-4,51550.0,NIS thousand,2020.0,"2,554.0","2,558.1","2,404.8","2,563.9","2,587.9"
Tel Aviv District,4.5-5,51570.0,NIS thousand,2020.0,"3,258.5","3,287.6","2,992.7","3,332.7","3,251.7"
Tel Aviv District,5.5-6,51590.0,NIS thousand,2020.0,"3,345.7","3,022.4","2,764.9","3,947.7","3,361.0"
,,51600.0,NIS thousand,2020.0,"1,151.6","1,117.3","1,132.9","1,164.7","1,179.9"
South District,2-1,51610.0,NIS thousand,2020.0,671.7,637.3,624.5,679.2,730.5
South District,2.5-3,51630.0,NIS thousand,2020.0,841.9,814.3,844.7,851.6,856.4
South District,3.5-4,51650.0,NIS thousand,2020.0,"1,157.3","1,142.7","1,150.4","1,165.3","1,165.2"
South District,4.5-5,51670.0,NIS thousand,2020.0,"1,462.5","1,390.6","1,429.2","1,498.1","1,511.7"
South District,5.5-6,51690.0,NIS thousand,2020.0,"1,817.6","1,810.1","1,798.5","1,829.5","1,807.2"
,,51700.0,NIS thousand,2020.0,"1,606.4","1,560.5","1,537.1","1,643.7","1,645.1"
Ashdod,2-1,51710.0,NIS thousand,2020.0,926.1,897.0,863.3,981.6,947.1
Ashdod,2.5-3,51730.0,NIS thousand,2020.0,"1,254.1","1,229.3","1,255.4","1,246.9","1,276.3"
Ashdod,3.5-4,51750.0,NIS thousand,2020.0,"1,635.0","1,564.3","1,624.7","1,673.9","1,655.6"
Ashdod,4.5-5,51770.0,NIS thousand,2020.0,"2,095.9","2,043.0","1,950.6","2,104.2","2,234.4"
Ashdod,5.5-6,51790.0,NIS thousand,2020.0,"2,260.5","2,235.0","1,688.7","2,363.0","2,370.0"
,,51800.0,NIS thousand,2020.0,"1,171.9","1,128.1","1,158.9","1,163.8","1,219.8"
Ashkelon,2-1,51810.0,NIS thousand,2020.0,638.2,626.8,622.9,669.2,615.1
Ashkelon,2.5-3,51830.0,NIS thousand,2020.0,860.3,845.0,860.3,856.6,883.5
Ashkelon,3.5-4,51850.0,NIS thousand,2020.0,"1,167.2","1,163.4","1,195.6","1,147.0","1,170.8"
Ashkelon,4.5-5,51870.0,NIS thousand,2020.0,"1,512.0","1,462.0","1,499.8","1,518.2","1,538.3"
Ashkelon,5.5-6,51890.0,NIS thousand,2020.0,"2,101.2",,"1,958.3","2,110.0","2,201.0"
,,51900.0,NIS thousand,2020.0,"1,064.7","1,048.7","1,073.7","1,045.4","1,092.4"
Beer Sheva,2-1,51910.0,NIS thousand,2020.0,560.3,556.1,592.9,531.9,566.7
Beer Sheva,2.5-3,51930.0,NIS thousand,2020.0,774.1,763.1,793.5,767.7,777.0
Beer Sheva,3.5-4,51950.0,NIS thousand,2020.0,"1,087.0","1,062.8","1,086.3","1,085.5","1,112.0"
Beer Sheva,4.5-5,51970.0,NIS thousand,2020.0,"1,429.7","1,395.0","1,430.4","1,402.8","1,486.3"
Beer Sheva,5.5-6,51990.0,NIS thousand,2020.0,"1,745.8","1,688.2","1,961.8","1,683.5","1,714.5"
,,52000.0,NIS thousand,2020.0,"1,381.5","1,406.4","1,349.8","1,375.6","1,390.0"
Beit Shemesh,2-1,52010.0,NIS thousand,2020.0,822.2,918.2,,,
Beit Shemesh,2.5-3,52030.0,NIS thousand,2020.0,"1,134.4","1,128.7","1,167.6","1,123.9","1,133.1"
Beit Shemesh,3.5-4,52050.0,NIS thousand,2020.0,"1,414.0","1,434.8","1,326.4","1,388.4","1,472.8"
Beit Shemesh,4.5-5,52070.0,NIS thousand,2020.0,"1,696.4","1,648.3","1,576.4","1,732.7","1,774.9"
Beit Shemesh,5.5-6,52090.0,NIS thousand,2020.0,"2,016.4","2,119.1","2,051.3","1,815.4","2,178.5"
,,52100.0,NIS thousand,2020.0,"1,660.1","1,670.5","1,650.0","1,635.8","1,669.2"
Bnei Brak,2-1,52110.0,NIS thousand,2020.0,"1,216.6","1,219.6","1,116.9","1,310.8","1,215.5"
Bnei Brak,2.5-3,52130.0,NIS thousand,2020.0,"1,503.6","1,480.6","1,495.2","1,475.0","1,548.1"
Bnei Brak,3.5-4,52150.0,NIS thousand,2020.0,"1,908.4","1,888.0","1,832.8","1,954.1","1,921.6"
Bnei Brak,4.5-5,52170.0,NIS thousand,2020.0,"2,343.9","2,354.0","2,512.0","2,214.0","2,295.8"
Bnei Brak,5.5-6,52190.0,NIS thousand,2020.0,"2,632.3",,,,
,,52200.0,NIS thousand,2020.0,"1,650.6","1,590.5","1,632.7","1,597.0","1,757.4"
Bat Yam,2-1,52210.0,NIS thousand,2020.0,"1,155.3","1,158.2","1,102.5","1,125.1","1,200.3"
Bat Yam,2.5-3,52230.0,NIS thousand,2020.0,"1,403.8","1,357.4","1,402.3","1,377.5","1,471.2"
Bat Yam,3.5-4,52250.0,NIS thousand,2020.0,"1,963.4","2,022.2","1,936.9","1,899.4","1,989.0"
Bat Yam,4.5-5,52270.0,NIS thousand,2020.0,"2,838.0","2,902.9","2,647.2","2,747.3","2,943.2"
Bat Yam,5.5-6,52290.0,NIS thousand,2020.0,,,,,
,,52300.0,NIS thousand,2020.0,"1,811.8","1,761.9","1,956.6","1,747.7","1,791.7"
Holon,2-1,52310.0,NIS thousand,2020.0,"1,069.5","1,021.9","1,080.3","1,066.8","1,109.7"
Holon,2.5-3,52330.0,NIS thousand,2020.0,"1,364.6","1,373.8","1,360.0","1,352.6","1,372.7"
Holon,3.5-4,52350.0,NIS thousand,2020.0,"1,898.4","1,779.3","2,077.1","1,817.9","1,843.2"
Holon,4.5-5,52370.0,NIS thousand,2020.0,"2,473.5","2,398.6","2,544.1","2,501.6","2,487.4"
Holon,5.5-6,52390.0,NIS thousand,2020.0,"2,893.9","2,805.4","2,787.6","3,174.5","2,890.9"
,,52400.0,NIS thousand,2020.0,"1,213.5","1,216.7","1,199.1","1,224.1","1,201.4"
Haifa,2-1,52410.0,NIS thousand,2020.0,650.8,614.8,598.1,695.9,671.5
Haifa,2.5-3,52430.0,NIS thousand,2020.0,900.9,843.9,900.6,917.1,931.7
Haifa,3.5-4,52450.0,NIS thousand,2020.0,"1,375.9","1,392.3","1,376.8","1,368.5","1,365.2"
Haifa,4.5-5,52470.0,NIS thousand,2020.0,"2,005.0","2,096.9","2,032.6","2,003.9","1,859.7"
Haifa,5.5-6,52490.0,NIS thousand,2020.0,"2,229.3","2,261.7","2,161.2","2,388.4","1,940.5"
,,52500.0,NIS thousand,2020.0,"2,140.5","2,141.0","2,125.9","2,096.7","2,185.2"
Jerusalem,2-1,52510.0,NIS thousand,2020.0,"1,414.1","1,334.8","1,329.8","1,439.2","1,522.5"
Jerusalem,2.5-3,52530.0,NIS thousand,2020.0,"1,751.7","1,791.6","1,739.9","1,747.4","1,711.2"
Jerusalem,3.5-4,52550.0,NIS thousand,2020.0,"2,266.1","2,289.4","2,202.2","2,195.9","2,353.2"
Jerusalem,4.5-5,52570.0,NIS thousand,2020.0,"2,807.4","2,761.9","2,745.8","2,780.2","2,901.8"
Jerusalem,5.5-6,52590.0,NIS thousand,2020.0,"3,602.9","3,668.8","3,883.0","3,395.7","3,520.2"
,,52600.0,NIS thousand,2020.0,"2,228.0","2,221.9","2,245.2","2,159.3","2,271.1"
Kfar Saba,2-1,52610.0,NIS thousand,2020.0,"1,421.1",,,,
Kfar Saba,2.5-3,52630.0,NIS thousand,2020.0,"1,636.9","1,645.4","1,711.3","1,588.0","1,623.7"
Kfar Saba,3.5-4,52650.0,NIS thousand,2020.0,"2,087.9","2,022.7","2,129.2","2,046.2","2,147.7"
Kfar Saba,4.5-5,52670.0,NIS thousand,2020.0,"2,674.4","2,672.0","2,604.1","2,647.1","2,710.3"
Kfar Saba,5.5-6,52690.0,NIS thousand,2020.0,"3,115.6","3,078.0","3,113.1","3,057.0","3,268.8"
,,52700.0,NIS thousand,2020.0,"1,723.3","1,674.0","1,673.5","1,715.8","1,802.9"
Netanya,2-1,52710.0,NIS thousand,2020.0,919.0,933.1,878.4,992.5,898.8
Netanya,2.5-3,52730.0,NIS thousand,2020.0,"1,218.5","1,248.6","1,239.3","1,160.4","1,238.7"
Netanya,3.5-4,52750.0,NIS thousand,2020.0,"1,722.5","1,630.1","1,727.8","1,703.2","1,838.0"
Netanya,4.5-5,52770.0,NIS thousand,2020.0,"2,102.5","2,046.9","2,140.9","2,100.8","2,130.5"
Netanya,5.5-6,52790.0,NIS thousand,2020.0,"2,023.4","2,117.9","1,916.0","2,054.6","1,963.2"
,,52800.0,NIS thousand,2020.0,"1,800.0","1,755.8","1,839.8","1,765.1","1,837.6"
Petah Tiqwa,2-1,52810.0,NIS thousand,2020.0,"1,049.8","1,086.5","1,061.6","1,005.2","1,021.9"
Petah Tiqwa,2.5-3,52830.0,NIS thousand,2020.0,"1,333.0","1,288.3","1,304.3","1,369.7","1,363.9"
Petah Tiqwa,3.5-4,52850.0,NIS thousand,2020.0,"1,752.6","1,752.2","1,776.2","1,711.9","1,769.8"
Petah Tiqwa,4.5-5,52870.0,NIS thousand,2020.0,"2,257.1","2,194.1","2,298.3","2,193.9","2,330.2"
Petah Tiqwa,5.5-6,52890.0,NIS thousand,2020.0,"2,808.5","2,766.7","2,793.6","2,808.0","2,837.7"
,,52900.0,NIS thousand,2020.0,"1,861.1","1,840.1","1,714.7","1,871.5","1,995.3"
Rishon Lezion,2-1,52910.0,NIS thousand,2020.0,"1,099.9",977.9,"1,173.6","1,104.0","1,165.7"
Rishon Lezion,2.5-3,52930.0,NIS thousand,2020.0,"1,372.8","1,326.8","1,271.1","1,370.5","1,509.7"
Rishon Lezion,3.5-4,52950.0,NIS thousand,2020.0,"1,812.1","1,789.6","1,714.3","1,827.2","1,895.9"
Rishon Lezion,4.5-5,52970.0,NIS thousand,2020.0,"2,334.0","2,324.4","2,077.5","2,314.6","2,608.1"
Rishon Lezion,5.5-6,52990.0,NIS thousand,2020.0,"2,401.4","2,236.6","2,318.0","2,406.0","2,583.5"
,,53000.0,NIS thousand,2020.0,"1,859.6","1,797.2","1,829.3","1,883.0","1,912.1"
Rehovot,2-1,53010.0,NIS thousand,2020.0,"1,104.2","1,227.1",,"1,063.8",
Rehovot,2.5-3,53030.0,NIS thousand,2020.0,"1,399.6","1,393.4","1,390.1","1,420.4","1,400.6"
Rehovot,3.5-4,53050.0,NIS thousand,2020.0,"1,753.2","1,702.3","1,760.3","1,759.4","1,788.2"
Rehovot,4.5-5,53070.0,NIS thousand,2020.0,"2,217.2","2,177.5","2,162.0","2,177.7","2,317.6"
Rehovot,5.5-6,53090.0,NIS thousand,2020.0,"2,852.4","2,642.0","2,725.0","3,048.5","2,929.7"
,,53100.0,NIS thousand,2020.0,"2,237.3","2,149.6","2,188.1","2,115.9","2,400.5"
Ramat Gan,2-1,53110.0,NIS thousand,2020.0,"1,410.8","1,465.8","1,458.6","1,214.6","1,448.5"
Ramat Gan,2.5-3,53130.0,NIS thousand,2020.0,"1,937.1","1,814.3","1,839.0","1,798.0","2,131.0"
Ramat Gan,3.5-4,53150.0,NIS thousand,2020.0,"2,456.6","2,352.0","2,346.6","2,342.2","2,688.8"
Ramat Gan,4.5-5,53170.0,NIS thousand,2020.0,"2,954.4","2,810.0","2,904.2","2,867.8","3,182.5"
Ramat Gan,5.5-6,53190.0,NIS thousand,2020.0,"3,604.6","3,146.9",,"3,560.0","3,635.6"
,,53200.0,NIS thousand,2020.0,"3,091.9","2,993.9","2,829.0","3,203.6","3,167.7"
Tel Aviv,2-1,53210.0,NIS thousand,2020.0,"2,083.1","2,078.9","2,035.7","2,140.0","2,101.2"
Tel Aviv,2.5-3,53230.0,NIS thousand,2020.0,"2,666.1","2,678.4","2,588.0","2,632.2","2,676.3"
Tel Aviv,3.5-4,53250.0,NIS thousand,2020.0,"3,537.0","3,389.1","3,298.8","3,676.0","3,660.2"
Tel Aviv,4.5-5,53270.0,NIS thousand,2020.0,"4,761.0","4,697.4","4,017.6","4,977.6","4,960.9"
Tel Aviv,5.5-6,53290.0,NIS thousand,2020.0,"6,480.5","5,358.0",,"6,995.8","7,228.7"
,,51000.0,NIS thousand,2021.0,"1,728.7","1,704.9","1,685.2","1,716.4","1,766.7"
Total),2-1,51010.0,NIS thousand,2021.0,"1,144.4","1,145.7","1,126.1","1,130.2","1,145.4"
Total),2.5-3,51030.0,NIS thousand,2021.0,"1,298.1","1,291.2","1,245.7","1,286.5","1,330.5"
Total),3.5-4,51050.0,NIS thousand,2021.0,"1,720.3","1,679.1","1,698.8","1,712.8","1,749.3"
Total),4.5-5,51070.0,NIS thousand,2021.0,"2,268.5","2,178.1","2,220.2","2,287.0","2,334.5"
Total),5.5-6,51090.0,NIS thousand,2021.0,"2,769.9","2,631.1","2,701.1","2,847.8","2,862.2"
,,51100.0,NIS thousand,2021.0,"2,028.4","1,912.6","1,960.2","2,085.9","2,120.8"
Jerusalem District,2-1,51110.0,NIS thousand,2021.0,"1,430.4","1,424.4","1,442.3","1,433.0","1,444.7"
Jerusalem District,2.5-3,51130.0,NIS thousand,2021.0,"1,627.3","1,543.2","1,520.2","1,698.5","1,717.7"
Jerusalem District,3.5-4,51150.0,NIS thousand,2021.0,"2,152.9","2,015.9","2,105.1","2,255.3","2,235.8"
Jerusalem District,4.5-5,51170.0,NIS thousand,2021.0,"2,707.6","2,535.2","2,615.5","2,756.2","2,814.5"
Jerusalem District,5.5-6,51190.0,NIS thousand,2021.0,"3,174.8","2,828.5","3,192.4","3,137.2","3,552.6"
,,51200.0,NIS thousand,2021.0,"1,012.2","1,025.2","1,005.3","1,003.0","1,007.2"
North District,2-1,51210.0,NIS thousand,2021.0,473.7,466.7,478.0,484.1,464.1
North District,2.5-3,51230.0,NIS thousand,2021.0,675.8,686.4,673.6,662.3,681.2
North District,3.5-4,51250.0,NIS thousand,2021.0,"1,008.8",995.9,"1,002.0","1,034.6","1,003.2"
North District,4.5-5,51270.0,NIS thousand,2021.0,"1,442.1","1,402.7","1,462.9","1,466.1","1,434.0"
North District,5.5-6,51290.0,NIS thousand,2021.0,"1,784.8","1,680.0","1,815.8","1,799.7","1,814.0"
,,51300.0,NIS thousand,2021.0,"1,286.1","1,273.9","1,243.7","1,263.9","1,343.6"
Haifa District,2-1,51310.0,NIS thousand,2021.0,644.0,632.6,631.5,651.8,656.4
Haifa District,2.5-3,51330.0,NIS thousand,2021.0,886.6,877.3,845.8,890.1,925.1
Haifa District,3.5-4,51350.0,NIS thousand,2021.0,"1,325.1","1,306.0","1,297.7","1,272.2","1,391.6"
Haifa District,4.5-5,51370.0,NIS thousand,2021.0,"1,789.3","1,703.1","1,758.4","1,794.6","1,870.0"
Haifa District,5.5-6,51390.0,NIS thousand,2021.0,"2,341.1","2,210.9","2,265.6","2,359.6","2,489.5"
,,51400.0,NIS thousand,2021.0,"2,044.8","2,006.2","2,007.0","2,108.0","2,055.7"
center District,2-1,51410.0,NIS thousand,2021.0,"1,048.9","1,021.6","1,040.4","1,071.2","1,072.4"
center District,2.5-3,51430.0,NIS thousand,2021.0,"1,401.9","1,367.8","1,378.2","1,449.3","1,412.0"
center District,3.5-4,51450.0,NIS thousand,2021.0,"1,941.9","1,894.4","1,922.2","1,987.3","1,957.9"
center District,4.5-5,51470.0,NIS thousand,2021.0,"2,520.0","2,428.5","2,453.2","2,614.2","2,575.8"
center District,5.5-6,51490.0,NIS thousand,2021.0,"3,086.1","2,970.1","3,084.0","3,343.5","2,994.9"
,,51500.0,NIS thousand,2021.0,"2,502.8","2,384.5","2,422.1","2,505.5","2,642.1"
Tel Aviv District,2-1,51510.0,NIS thousand,2021.0,"1,746.8","1,656.8","1,743.3","1,726.7","1,832.2"
Tel Aviv District,2.5-3,51530.0,NIS thousand,2021.0,"2,044.9","1,975.5","1,949.5","2,050.8","2,154.7"
Tel Aviv District,3.5-4,51550.0,NIS thousand,2021.0,"2,680.9","2,501.3","2,636.9","2,699.7","2,814.7"
Tel Aviv District,4.5-5,51570.0,NIS thousand,2021.0,"3,422.6","3,142.8","3,307.9","3,461.1","3,696.4"
Tel Aviv District,5.5-6,51590.0,NIS thousand,2021.0,"3,993.7","3,695.5","3,916.6","3,912.8","4,289.0"
,,51600.0,NIS thousand,2021.0,"1,201.0","1,198.9","1,170.7","1,183.9","1,236.9"
South District,2-1,51610.0,NIS thousand,2021.0,743.8,720.1,741.4,726.0,769.2
South District,2.5-3,51630.0,NIS thousand,2021.0,869.6,863.2,851.6,871.9,884.9
South District,3.5-4,51650.0,NIS thousand,2021.0,"1,217.1","1,195.8","1,199.3","1,215.2","1,247.3"
South District,4.5-5,51670.0,NIS thousand,2021.0,"1,686.0","1,624.1","1,636.7","1,663.4","1,789.5"
South District,5.5-6,51690.0,NIS thousand,2021.0,"2,018.4","1,964.8","1,842.2","2,119.7","2,163.6"
,,51700.0,NIS thousand,2021.0,"1,669.7","1,614.3","1,633.4","1,692.2","1,725.7"
Ashdod,2-1,51710.0,NIS thousand,2021.0,975.8,964.2,921.9,"1,018.8","1,013.1"
Ashdod,2.5-3,51730.0,NIS thousand,2021.0,"1,334.6","1,293.3","1,321.4","1,354.7","1,363.3"
Ashdod,3.5-4,51750.0,NIS thousand,2021.0,"1,695.0","1,657.7","1,679.4","1,753.4","1,695.3"
Ashdod,4.5-5,51770.0,NIS thousand,2021.0,"2,247.5","2,087.9","2,213.0","2,291.8","2,371.6"
Ashdod,5.5-6,51790.0,NIS thousand,2021.0,"2,521.3","2,128.6","2,669.1","2,768.3","2,491.2"
,,51800.0,NIS thousand,2021.0,"1,250.3","1,249.8","1,215.1","1,208.6","1,332.3"
Ashkelon,2-1,51810.0,NIS thousand,2021.0,682.1,716.7,680.5,610.6,720.2
Ashkelon,2.5-3,51830.0,NIS thousand,2021.0,900.6,900.1,882.0,895.6,932.0
Ashkelon,3.5-4,51850.0,NIS thousand,2021.0,"1,265.5","1,229.9","1,219.8","1,268.7","1,340.3"
Ashkelon,4.5-5,51870.0,NIS thousand,2021.0,"1,624.0","1,574.7","1,575.6","1,593.5","1,763.2"
Ashkelon,5.5-6,51890.0,NIS thousand,2021.0,"2,421.9","2,433.0","2,267.3","2,497.9","2,467.9"
,,51900.0,NIS thousand,2021.0,"1,033.1","1,047.4","1,006.1","1,028.4","1,048.3"
Beer Sheva,2-1,51910.0,NIS thousand,2021.0,560.1,547.1,568.4,564.0,558.8
Beer Sheva,2.5-3,51930.0,NIS thousand,2021.0,758.5,743.9,755.3,768.1,764.3
Beer Sheva,3.5-4,51950.0,NIS thousand,2021.0,"1,090.2","1,088.7","1,077.2","1,093.5","1,099.3"
Beer Sheva,4.5-5,51970.0,NIS thousand,2021.0,"1,562.5","1,554.8","1,537.8","1,522.7","1,616.5"
Beer Sheva,5.5-6,51990.0,NIS thousand,2021.0,"1,940.2","1,797.0","1,968.0","2,006.4","1,989.9"
,,52000.0,NIS thousand,2021.0,"1,570.5","1,459.3","1,507.1","1,637.7","1,688.9"
Beit Shemesh,2-1,52010.0,NIS thousand,2021.0,982.5,,,"1,010.1",857.2
Beit Shemesh,2.5-3,52030.0,NIS thousand,2021.0,"1,244.6","1,198.3","1,186.6","1,319.2","1,306.6"
Beit Shemesh,3.5-4,52050.0,NIS thousand,2021.0,"1,583.9","1,497.5","1,560.8","1,603.9","1,670.5"
Beit Shemesh,4.5-5,52070.0,NIS thousand,2021.0,"2,074.2","1,843.3","2,000.0","2,164.4","2,242.1"
Beit Shemesh,5.5-6,52090.0,NIS thousand,2021.0,"2,342.5","2,081.4","2,374.4","2,499.8","2,625.7"
,,52100.0,NIS thousand,2021.0,"1,646.7","1,516.4","1,654.1","1,731.7","1,758.9"
Bnei Brak,2-1,52110.0,NIS thousand,2021.0,"1,247.9","1,223.7","1,281.6","1,260.2","1,229.7"
Bnei Brak,2.5-3,52130.0,NIS thousand,2021.0,"1,474.7","1,388.5","1,471.3","1,525.0","1,535.3"
Bnei Brak,3.5-4,52150.0,NIS thousand,2021.0,"1,753.6","1,521.3","1,869.8","1,951.5","1,981.9"
Bnei Brak,4.5-5,52170.0,NIS thousand,2021.0,"2,190.2","1,833.6","2,382.9","2,446.8","2,725.5"
Bnei Brak,5.5-6,52190.0,NIS thousand,2021.0,"2,822.2","2,600.8",,,"2,775.3"
,,52200.0,NIS thousand,2021.0,"1,836.1","1,833.8","1,872.1","1,794.0","1,866.4"
Bat Yam,2-1,52210.0,NIS thousand,2021.0,"1,265.2","1,182.4","1,253.4","1,304.6","1,309.0"
Bat Yam,2.5-3,52230.0,NIS thousand,2021.0,"1,568.4","1,540.1","1,555.6","1,591.5","1,618.8"
Bat Yam,3.5-4,52250.0,NIS thousand,2021.0,"2,105.2","2,089.9","2,080.5","2,191.3","2,071.8"
Bat Yam,4.5-5,52270.0,NIS thousand,2021.0,"2,829.5","2,750.1","2,826.6","2,830.3","2,917.9"
Bat Yam,5.5-6,52290.0,NIS thousand,2021.0,"3,094.2","3,121.2","3,108.3",,
,,52300.0,NIS thousand,2021.0,"1,834.2","1,804.1","1,814.0","1,823.2","1,891.9"
Holon,2-1,52310.0,NIS thousand,2021.0,"1,142.0","1,091.6","1,133.8","1,174.2","1,161.6"
Holon,2.5-3,52330.0,NIS thousand,2021.0,"1,420.4","1,403.5","1,417.7","1,415.3","1,441.4"
Holon,3.5-4,52350.0,NIS thousand,2021.0,"1,933.9","1,864.3","1,930.5","1,935.5","2,000.4"
Holon,4.5-5,52370.0,NIS thousand,2021.0,"2,558.7","2,483.5","2,595.6","2,535.2","2,623.5"
Holon,5.5-6,52390.0,NIS thousand,2021.0,"3,476.8","3,366.1","3,330.8","3,346.8","4,014.4"
,,52400.0,NIS thousand,2021.0,"1,225.1","1,229.7","1,174.0","1,168.6","1,286.8"
Haifa,2-1,52410.0,NIS thousand,2021.0,664.3,653.6,652.2,663.6,679.9
Haifa,2.5-3,52430.0,NIS thousand,2021.0,925.2,933.6,912.4,885.9,962.3
Haifa,3.5-4,52450.0,NIS thousand,2021.0,"1,445.0","1,436.7","1,355.6","1,368.5","1,525.3"
Haifa,4.5-5,52470.0,NIS thousand,2021.0,"2,078.8","2,050.3","2,011.5","2,055.3","2,152.5"
Haifa,5.5-6,52490.0,NIS thousand,2021.0,"2,450.2","2,466.2","2,248.7","2,438.6","2,511.9"
,,52500.0,NIS thousand,2021.0,"2,211.0","2,141.6","2,131.3","2,204.9","2,314.0"
Jerusalem,2-1,52510.0,NIS thousand,2021.0,"1,449.0","1,434.7","1,450.0","1,458.5","1,469.2"
Jerusalem,2.5-3,52530.0,NIS thousand,2021.0,"1,813.2","1,785.9","1,707.6","1,801.8","1,907.0"
Jerusalem,3.5-4,52550.0,NIS thousand,2021.0,"2,397.3","2,236.5","2,295.1","2,470.6","2,556.5"
Jerusalem,4.5-5,52570.0,NIS thousand,2021.0,"3,081.5","2,982.4","2,989.4","3,019.6","3,194.0"
Jerusalem,5.5-6,52590.0,NIS thousand,2021.0,"3,755.1","3,819.3","3,632.4","3,638.8","3,985.7"
,,52600.0,NIS thousand,2021.0,"2,369.7","2,279.8","2,238.7","2,377.3","2,547.9"
Kfar Saba,2-1,52610.0,NIS thousand,2021.0,"1,354.0",,"1,257.4",,"1,379.0"
Kfar Saba,2.5-3,52630.0,NIS thousand,2021.0,"1,803.9","1,752.1","1,796.6","1,803.7","1,843.4"
Kfar Saba,3.5-4,52650.0,NIS thousand,2021.0,"2,248.4","2,176.4","2,130.4","2,301.4","2,404.3"
Kfar Saba,4.5-5,52670.0,NIS thousand,2021.0,"2,811.1","2,591.2","2,683.9","2,769.7","3,090.6"
Kfar Saba,5.5-6,52690.0,NIS thousand,2021.0,"3,538.3","3,426.9","3,275.8","3,760.0","3,740.0"
,,52700.0,NIS thousand,2021.0,"2,079.8","1,905.3","1,930.6","2,346.8","2,110.7"
Netanya,2-1,52710.0,NIS thousand,2021.0,967.3,"1,014.8",879.7,991.0,988.9
Netanya,2.5-3,52730.0,NIS thousand,2021.0,"1,322.4","1,251.6","1,282.0","1,362.9","1,382.1"
Netanya,3.5-4,52750.0,NIS thousand,2021.0,"2,015.2","1,868.9","1,893.6","2,203.4","2,064.0"
Netanya,4.5-5,52770.0,NIS thousand,2021.0,"2,653.1","2,461.7","2,525.1","2,787.6","2,762.8"
Netanya,5.5-6,52790.0,NIS thousand,2021.0,"4,014.8","2,603.1","3,307.6","5,356.5","3,411.6"
,,52800.0,NIS thousand,2021.0,"1,834.5","1,852.6","1,788.0","1,817.8","1,874.2"
Petah Tiqwa,2-1,52810.0,NIS thousand,2021.0,"1,134.1","1,119.5","1,122.2","1,129.3","1,180.2"
Petah Tiqwa,2.5-3,52830.0,NIS thousand,2021.0,"1,387.4","1,371.0","1,322.6","1,411.8","1,446.6"
Petah Tiqwa,3.5-4,52850.0,NIS thousand,2021.0,"1,828.3","1,804.4","1,817.0","1,805.8","1,874.9"
Petah Tiqwa,4.5-5,52870.0,NIS thousand,2021.0,"2,408.1","2,363.3","2,351.7","2,452.3","2,462.5"
Petah Tiqwa,5.5-6,52890.0,NIS thousand,2021.0,"3,041.3","2,984.0","2,936.5","3,070.4","3,263.5"
,,52900.0,NIS thousand,2021.0,"2,051.7","2,041.7","1,985.0","2,055.2","2,105.3"
Rishon Lezion,2-1,52910.0,NIS thousand,2021.0,"1,228.8","1,077.9","1,273.3","1,431.0","1,188.1"
Rishon Lezion,2.5-3,52930.0,NIS thousand,2021.0,"1,523.2","1,509.6","1,513.7","1,581.1","1,504.6"
Rishon Lezion,3.5-4,52950.0,NIS thousand,2021.0,"1,985.4","1,930.5","1,945.3","1,977.6","2,066.2"
Rishon Lezion,4.5-5,52970.0,NIS thousand,2021.0,"2,733.0","2,654.2","2,665.1","2,675.2","2,863.7"
Rishon Lezion,5.5-6,52990.0,NIS thousand,2021.0,"2,717.3","2,846.7","3,027.1","2,848.8","2,501.2"
,,53000.0,NIS thousand,2021.0,"1,946.0","1,866.7","1,904.1","1,973.2","2,025.9"
Rehovot,2-1,53010.0,NIS thousand,2021.0,"1,071.3","1,007.5",,"1,011.7","1,175.0"
Rehovot,2.5-3,53030.0,NIS thousand,2021.0,"1,442.4","1,411.1","1,372.0","1,436.9","1,521.6"
Rehovot,3.5-4,53050.0,NIS thousand,2021.0,"1,884.0","1,799.9","1,880.3","1,909.6","1,942.8"
Rehovot,4.5-5,53070.0,NIS thousand,2021.0,"2,402.9","2,196.1","2,398.7","2,437.2","2,540.9"
Rehovot,5.5-6,53090.0,NIS thousand,2021.0,"3,309.3","3,241.8","3,265.4","3,396.9","3,303.6"
,,53100.0,NIS thousand,2021.0,"2,374.9","2,281.3","2,274.6","2,450.4","2,472.3"
Ramat Gan,2-1,53110.0,NIS thousand,2021.0,"1,532.7","1,438.0","1,564.8","1,505.8","1,602.3"
Ramat Gan,2.5-3,53130.0,NIS thousand,2021.0,"2,069.4","2,018.7","1,974.5","2,106.7","2,171.8"
Ramat Gan,3.5-4,53150.0,NIS thousand,2021.0,"2,566.1","2,512.3","2,405.7","2,563.5","2,742.2"
Ramat Gan,4.5-5,53170.0,NIS thousand,2021.0,"3,336.8","3,010.7","3,064.3","3,680.6","3,546.2"
Ramat Gan,5.5-6,53190.0,NIS thousand,2021.0,"3,924.2","3,496.7","4,342.8",,
,,53200.0,NIS thousand,2021.0,"3,438.6","3,285.2","3,416.2","3,485.5","3,634.9"
Tel Aviv,2-1,53210.0,NIS thousand,2021.0,"2,339.2","2,165.8","2,388.0","2,415.6","2,480.8"
Tel Aviv,2.5-3,53230.0,NIS thousand,2021.0,"2,980.1","2,848.7","2,999.2","2,991.4","3,204.4"
Tel Aviv,3.5-4,53250.0,NIS thousand,2021.0,"4,027.3","3,741.9","4,120.4","3,940.8","4,346.0"
Tel Aviv,4.5-5,53270.0,NIS thousand,2021.0,"5,028.9","4,725.4","4,878.2","5,132.3","5,400.7"
Tel Aviv,5.5-6,53290.0,NIS thousand,2021.0,"6,534.1","6,741.6","6,196.8",,"5,830.6"
,,51000.0,NIS thousand,2022.0,"1,895.8","1,801.6","1,895.6","1,931.5","2,076.4"
Total),2-1,51010.0,NIS thousand,2022.0,"1,254.0","1,144.2","1,267.8","1,239.9","1,356.9"
Total),2.5-3,51030.0,NIS thousand,2022.0,"1,415.2","1,340.6","1,387.0","1,440.6","1,543.0"
Total),3.5-4,51050.0,NIS thousand,2022.0,"1,899.0","1,765.2","1,924.0","1,939.0","2,084.3"
Total),4.5-5,51070.0,NIS thousand,2022.0,"2,482.3","2,348.4","2,443.7","2,608.9","2,690.2"
Total),5.5-6,51090.0,NIS thousand,2022.0,"3,005.8","2,905.5","2,901.7","3,135.4","3,432.5"
,,51100.0,NIS thousand,2022.0,"2,293.1","2,039.7","2,356.6","2,371.3","2,735.4"
Jerusalem District,2-1,51110.0,NIS thousand,2022.0,"1,705.1","1,553.0","1,798.5","1,711.6","1,874.8"
Jerusalem District,2.5-3,51130.0,NIS thousand,2022.0,"1,786.8","1,589.7","1,812.8","1,853.6","2,190.3"
Jerusalem District,3.5-4,51150.0,NIS thousand,2022.0,"2,406.3","2,110.5","2,511.5","2,540.8","2,833.0"
Jerusalem District,4.5-5,51170.0,NIS thousand,2022.0,"3,096.4","2,897.2","3,111.7","3,233.2","3,279.5"
Jerusalem District,5.5-6,51190.0,NIS thousand,2022.0,"4,075.5","3,409.3","3,770.8","3,950.2","5,819.6"
,,51200.0,NIS thousand,2022.0,"1,169.8","1,107.9","1,152.9","1,214.5","1,278.8"
North District,2-1,51210.0,NIS thousand,2022.0,540.7,505.9,510.9,572.4,558.2
North District,2.5-3,51230.0,NIS thousand,2022.0,756.9,746.4,753.2,796.9,749.1
North District,3.5-4,51250.0,NIS thousand,2022.0,"1,167.6","1,068.4","1,148.4","1,237.5","1,302.2"
North District,4.5-5,51270.0,NIS thousand,2022.0,"1,606.9","1,488.9","1,606.4","1,652.2","1,764.4"
North District,5.5-6,51290.0,NIS thousand,2022.0,"1,967.5","1,943.1","1,920.6","1,875.9","2,156.1"
,,51300.0,NIS thousand,2022.0,"1,476.7","1,416.6","1,458.4","1,507.0","1,594.8"
Haifa District,2-1,51310.0,NIS thousand,2022.0,718.0,673.2,745.5,722.5,753.9
Haifa District,2.5-3,51330.0,NIS thousand,2022.0,"1,034.2",972.5,"1,013.3","1,073.7","1,106.1"
Haifa District,3.5-4,51350.0,NIS thousand,2022.0,"1,528.9","1,456.9","1,497.7","1,567.9","1,670.2"
Haifa District,4.5-5,51370.0,NIS thousand,2022.0,"2,031.9","1,920.2","2,015.2","2,111.7","2,148.5"
Haifa District,5.5-6,51390.0,NIS thousand,2022.0,"2,674.9","2,566.8","2,623.7","2,731.8","2,876.8"
,,51400.0,NIS thousand,2022.0,"2,298.9","2,180.3","2,273.7","2,388.5","2,590.9"
center District,2-1,51410.0,NIS thousand,2022.0,"1,178.1","1,118.6","1,206.6","1,202.8","1,207.9"
center District,2.5-3,51430.0,NIS thousand,2022.0,"1,556.8","1,468.5","1,542.0","1,588.5","1,794.6"
center District,3.5-4,51450.0,NIS thousand,2022.0,"2,223.5","2,048.3","2,236.0","2,327.6","2,478.1"
center District,4.5-5,51470.0,NIS thousand,2022.0,"2,934.8","2,764.9","2,874.9","3,160.6","3,199.3"
center District,5.5-6,51490.0,NIS thousand,2022.0,"3,349.7","3,255.1","3,175.5","3,840.4","3,888.0"
,,51500.0,NIS thousand,2022.0,"2,897.2","2,717.6","2,872.1","3,010.5","3,079.9"
Tel Aviv District,2-1,51510.0,NIS thousand,2022.0,"2,048.8","1,847.9","2,086.7","2,066.0","2,256.1"
Tel Aviv District,2.5-3,51530.0,NIS thousand,2022.0,"2,326.9","2,160.4","2,259.8","2,405.4","2,485.3"
Tel Aviv District,3.5-4,51550.0,NIS thousand,2022.0,"3,148.8","2,992.2","3,074.4","3,243.4","3,272.5"
Tel Aviv District,4.5-5,51570.0,NIS thousand,2022.0,"3,887.2","3,606.8","3,783.4","4,019.0","4,191.3"
Tel Aviv District,5.5-6,51590.0,NIS thousand,2022.0,"4,116.2","3,700.7","3,990.4","4,906.3","4,814.9"
,,51600.0,NIS thousand,2022.0,"1,339.7","1,310.9","1,318.8","1,348.6","1,467.5"
South District,2-1,51610.0,NIS thousand,2022.0,757.8,726.5,739.2,774.7,796.4
South District,2.5-3,51630.0,NIS thousand,2022.0,987.0,946.0,963.6,"1,012.3","1,079.9"
South District,3.5-4,51650.0,NIS thousand,2022.0,"1,382.1","1,323.9","1,365.7","1,393.5","1,528.6"
South District,4.5-5,51670.0,NIS thousand,2022.0,"1,822.8","1,766.7","1,770.3","1,890.1","2,009.9"
South District,5.5-6,51690.0,NIS thousand,2022.0,"2,225.7","2,193.7","2,082.4","2,312.2","2,548.9"
,,51700.0,NIS thousand,2022.0,"1,844.6","1,777.3","1,822.5","1,926.1","1,910.6"
Ashdod,2-1,51710.0,NIS thousand,2022.0,"1,099.0","1,048.9","1,137.0","1,121.4","1,118.0"
Ashdod,2.5-3,51730.0,NIS thousand,2022.0,"1,514.9","1,431.8","1,486.0","1,611.5","1,597.9"
Ashdod,3.5-4,51750.0,NIS thousand,2022.0,"1,897.0","1,828.8","1,894.0","1,952.3","1,942.9"
Ashdod,4.5-5,51770.0,NIS thousand,2022.0,"2,574.5","2,471.0","2,506.9","2,672.9","2,587.2"
Ashdod,5.5-6,51790.0,NIS thousand,2022.0,"3,023.9","3,015.9","3,167.5","2,938.6","3,162.9"
,,51800.0,NIS thousand,2022.0,"1,390.6","1,336.8","1,422.5","1,494.9","1,594.6"
Ashkelon,2-1,51810.0,NIS thousand,2022.0,825.5,729.5,786.7,905.6,849.6
Ashkelon,2.5-3,51830.0,NIS thousand,2022.0,988.1,920.1,"1,005.3","1,068.8","1,131.8"
Ashkelon,3.5-4,51850.0,NIS thousand,2022.0,"1,440.3","1,351.3","1,497.8","1,523.2","1,704.3"
Ashkelon,4.5-5,51870.0,NIS thousand,2022.0,"1,749.3","1,724.8","1,741.7","1,938.0","2,080.5"
Ashkelon,5.5-6,51890.0,NIS thousand,2022.0,"2,450.8","2,303.6","2,380.9","2,554.5","2,693.8"
,,51900.0,NIS thousand,2022.0,"1,110.4","1,114.9","1,147.6","1,080.0","1,119.8"
Beer Sheva,2-1,51910.0,NIS thousand,2022.0,594.7,549.5,594.1,622.2,621.1
Beer Sheva,2.5-3,51930.0,NIS thousand,2022.0,824.4,810.5,822.4,803.7,870.9
Beer Sheva,3.5-4,51950.0,NIS thousand,2022.0,"1,172.2","1,169.4","1,169.8","1,151.8","1,214.9"
Beer Sheva,4.5-5,51970.0,NIS thousand,2022.0,"1,687.9","1,660.7","1,681.3","1,715.7","1,779.9"
Beer Sheva,5.5-6,51990.0,NIS thousand,2022.0,"1,958.2","2,065.0","1,812.6","1,908.4","2,314.7"
,,52000.0,NIS thousand,2022.0,"1,725.5","1,585.0","1,682.7","1,774.0","2,189.2"
Beit Shemesh,2-1,52010.0,NIS thousand,2022.0,985.2,,"1,001.8",,
Beit Shemesh,2.5-3,52030.0,NIS thousand,2022.0,"1,330.5","1,207.0","1,237.4","1,428.1","1,831.7"
Beit Shemesh,3.5-4,52050.0,NIS thousand,2022.0,"1,761.5","1,584.3","1,833.4","1,795.0","2,176.1"
Beit Shemesh,4.5-5,52070.0,NIS thousand,2022.0,"2,482.8","2,437.3","2,372.3","2,473.5","2,670.7"
Beit Shemesh,5.5-6,52090.0,NIS thousand,2022.0,"3,134.9","3,143.9","3,071.4","3,271.0","2,972.0"
,,52100.0,NIS thousand,2022.0,"2,007.7","1,856.3","1,974.6","2,089.1","2,238.9"
Bnei Brak,2-1,52110.0,NIS thousand,2022.0,"1,387.7","1,335.4","1,451.4","1,417.6","1,364.5"
Bnei Brak,2.5-3,52130.0,NIS thousand,2022.0,"1,711.6","1,667.1","1,658.1","1,729.7","1,888.9"
Bnei Brak,3.5-4,52150.0,NIS thousand,2022.0,"2,265.4","2,131.5","2,207.5","2,357.8","2,407.4"
Bnei Brak,4.5-5,52170.0,NIS thousand,2022.0,"2,984.1","2,782.5","3,119.4","2,949.3","3,109.6"
Bnei Brak,5.5-6,52190.0,NIS thousand,2022.0,"3,244.7","3,133.3",,,
,,52200.0,NIS thousand,2022.0,"2,165.2","2,052.9","2,160.4","2,310.3","2,398.4"
Bat Yam,2-1,52210.0,NIS thousand,2022.0,"1,517.8","1,401.2","1,521.2","1,585.0","1,631.0"
Bat Yam,2.5-3,52230.0,NIS thousand,2022.0,"1,783.9","1,753.4","1,737.8","1,804.1","1,959.3"
Bat Yam,3.5-4,52250.0,NIS thousand,2022.0,"2,476.4","2,378.9","2,300.8","2,605.6","2,823.2"
Bat Yam,4.5-5,52270.0,NIS thousand,2022.0,"3,442.3","3,240.1","3,260.4","3,675.2","3,740.8"
Bat Yam,5.5-6,52290.0,NIS thousand,2022.0,"4,833.3",,,,
,,52300.0,NIS thousand,2022.0,"2,042.8","2,007.2","2,005.9","2,079.1","2,138.3"
Holon,2-1,52310.0,NIS thousand,2022.0,"1,260.2","1,275.7","1,205.4","1,188.5","1,453.1"
Holon,2.5-3,52330.0,NIS thousand,2022.0,"1,630.6","1,549.1","1,633.1","1,678.6","1,727.3"
Holon,3.5-4,52350.0,NIS thousand,2022.0,"2,124.6","2,098.6","2,106.8","2,132.2","2,248.9"
Holon,4.5-5,52370.0,NIS thousand,2022.0,"2,882.6","2,796.1","2,936.1","2,931.9","3,004.1"
Holon,5.5-6,52390.0,NIS thousand,2022.0,"3,514.2","3,337.9","3,436.1","4,078.6",
,,52400.0,NIS thousand,2022.0,"1,366.0","1,305.7","1,337.7","1,372.5","1,516.0"
Haifa,2-1,52410.0,NIS thousand,2022.0,735.6,685.6,759.5,742.3,779.4
Haifa,2.5-3,52430.0,NIS thousand,2022.0,"1,053.0","1,000.6","1,028.6","1,079.7","1,126.8"
Haifa,3.5-4,52450.0,NIS thousand,2022.0,"1,614.2","1,559.0","1,564.3","1,606.3","1,745.2"
Haifa,4.5-5,52470.0,NIS thousand,2022.0,"2,281.2","2,149.5","2,275.0","2,383.4","2,380.2"
Haifa,5.5-6,52490.0,NIS thousand,2022.0,"2,564.0","2,248.4","2,573.7","2,626.9","3,041.9"
,,52500.0,NIS thousand,2022.0,"2,582.6","2,395.9","2,696.4","2,550.5","2,873.5"
Jerusalem,2-1,52510.0,NIS thousand,2022.0,"1,727.1","1,570.2","1,840.4","1,718.5","1,890.2"
Jerusalem,2.5-3,52530.0,NIS thousand,2022.0,"2,108.2","1,963.1","2,189.8","2,083.4","2,312.6"
Jerusalem,3.5-4,52550.0,NIS thousand,2022.0,"2,775.3","2,595.0","2,924.3","2,776.5","3,023.9"
Jerusalem,4.5-5,52570.0,NIS thousand,2022.0,"3,379.7","3,180.1","3,525.4","3,391.2","3,567.2"
Jerusalem,5.5-6,52590.0,NIS thousand,2022.0,"4,572.8","3,546.4","4,288.4","4,239.9","6,537.6"
,,52600.0,NIS thousand,2022.0,"2,859.0","2,697.2","2,933.5","3,032.2","2,929.2"
Kfar Saba,2-1,52610.0,NIS thousand,2022.0,"1,580.8","1,674.5","1,516.1",,
Kfar Saba,2.5-3,52630.0,NIS thousand,2022.0,"2,178.7","2,045.2","2,056.8","2,358.9","2,268.0"
Kfar Saba,3.5-4,52650.0,NIS thousand,2022.0,"2,731.1","2,455.6","2,797.9","2,956.4","2,867.3"
Kfar Saba,4.5-5,52670.0,NIS thousand,2022.0,"3,494.2","3,148.3","3,783.1","3,776.9","3,764.8"
Kfar Saba,5.5-6,52690.0,NIS thousand,2022.0,"4,175.4","3,911.4","4,710.9","4,702.9","3,750.0"
,,52700.0,NIS thousand,2022.0,"2,324.5","2,291.4","2,232.4","2,351.5","2,619.4"
Netanya,2-1,52710.0,NIS thousand,2022.0,"1,102.2",997.7,"1,087.3","1,087.3","1,294.4"
Netanya,2.5-3,52730.0,NIS thousand,2022.0,"1,580.2","1,449.0","1,581.2","1,620.1","1,704.0"
Netanya,3.5-4,52750.0,NIS thousand,2022.0,"2,247.6","2,204.3","2,240.4","2,219.3","2,513.8"
Netanya,4.5-5,52770.0,NIS thousand,2022.0,"3,078.0","2,866.8","2,990.7","3,324.1","3,298.9"
Netanya,5.5-6,52790.0,NIS thousand,2022.0,"3,098.7","3,450.5","2,814.1","3,422.6","4,451.4"
,,52800.0,NIS thousand,2022.0,"2,218.2","2,083.3","2,249.0","2,260.5","2,342.4"
Petah Tiqwa,2-1,52810.0,NIS thousand,2022.0,"1,167.3","1,154.3","1,188.1","1,222.5","1,148.1"
Petah Tiqwa,2.5-3,52830.0,NIS thousand,2022.0,"1,658.1","1,584.4","1,639.4","1,644.1","1,813.5"
Petah Tiqwa,3.5-4,52850.0,NIS thousand,2022.0,"2,256.7","2,112.0","2,257.2","2,361.0","2,392.7"
Petah Tiqwa,4.5-5,52870.0,NIS thousand,2022.0,"2,822.6","2,707.6","2,731.1","2,992.7","2,950.9"
Petah Tiqwa,5.5-6,52890.0,NIS thousand,2022.0,"3,623.0","3,348.9","3,709.9","3,686.7","3,882.3"
,,52900.0,NIS thousand,2022.0,"2,203.8","2,079.9","2,141.1","2,320.3","2,668.4"
Rishon Lezion,2-1,52910.0,NIS thousand,2022.0,"1,389.3","1,074.0","1,530.0","1,610.4","1,295.3"
Rishon Lezion,2.5-3,52930.0,NIS thousand,2022.0,"1,619.3","1,487.7","1,633.9","1,770.5","1,907.1"
Rishon Lezion,3.5-4,52950.0,NIS thousand,2022.0,"2,193.3","2,081.8","2,262.4","2,171.0","2,417.4"
Rishon Lezion,4.5-5,52970.0,NIS thousand,2022.0,"2,695.1","2,484.1","2,451.7","3,019.1","3,308.6"
Rishon Lezion,5.5-6,52990.0,NIS thousand,2022.0,"2,727.6","2,559.0","2,506.0","3,011.7","4,251.0"
,,53000.0,NIS thousand,2022.0,"2,252.8","2,135.4","2,276.5","2,343.7","2,359.9"
Rehovot,2-1,53010.0,NIS thousand,2022.0,"1,171.6","1,115.8","1,217.7",,"1,265.0"
Rehovot,2.5-3,53030.0,NIS thousand,2022.0,"1,700.1","1,612.7","1,736.6","1,737.5","1,778.0"
Rehovot,3.5-4,53050.0,NIS thousand,2022.0,"2,199.2","2,126.8","2,213.8","2,267.3","2,223.9"
Rehovot,4.5-5,53070.0,NIS thousand,2022.0,"2,838.8","2,649.0","2,813.7","2,949.3","3,155.4"
Rehovot,5.5-6,53090.0,NIS thousand,2022.0,"3,575.9","3,616.0","3,616.0","3,384.6","3,550.0"
,,53100.0,NIS thousand,2022.0,"2,653.7","2,561.0","2,596.6","2,770.9","2,714.2"
Ramat Gan,2-1,53110.0,NIS thousand,2022.0,"1,822.5","1,711.1","1,727.0","1,911.0","2,016.2"
Ramat Gan,2.5-3,53130.0,NIS thousand,2022.0,"2,174.8","2,075.6","2,067.5","2,302.1","2,324.1"
Ramat Gan,3.5-4,53150.0,NIS thousand,2022.0,"2,936.8","2,794.0","2,911.0","3,091.7","2,722.3"
Ramat Gan,4.5-5,53170.0,NIS thousand,2022.0,"3,424.5","3,204.9","3,081.6","4,119.0","4,340.0"
Ramat Gan,5.5-6,53190.0,NIS thousand,2022.0,"2,898.1","2,811.1","2,936.3","2,720.7",
,,53200.0,NIS thousand,2022.0,"3,987.3","3,895.5","4,089.8","4,086.2","4,028.2"
Tel Aviv,2-1,53210.0,NIS thousand,2022.0,"2,806.0","2,660.2","2,923.3","2,883.0","2,900.3"
Tel Aviv,2.5-3,53230.0,NIS thousand,2022.0,"3,533.4","3,381.0","3,651.7","3,745.5","3,559.7"
Tel Aviv,3.5-4,53250.0,NIS thousand,2022.0,"4,617.0","4,544.8","4,763.3","4,541.4","4,618.2"
Tel Aviv,4.5-5,53270.0,NIS thousand,2022.0,"5,718.1","5,521.2","5,741.9","5,254.3","6,140.1"
Tel Aviv,5.5-6,53290.0,NIS thousand,2022.0,"6,509.5","7,272.3",,,"5,633.9"
,,51000.0,NIS thousand,2023.0,"2,109.1","2,065.9","2,109.6","2,104.7","2,166.9"
Total),2-1,51010.0,NIS thousand,2023.0,"1,331.5","1,267.8","1,246.4","1,377.3","1,450.1"
Total),2.5-3,51030.0,NIS thousand,2023.0,"1,599.3","1,572.5","1,573.9","1,613.0","1,649.9"
Total),3.5-4,51050.0,NIS thousand,2023.0,"2,100.2","2,066.2","2,092.4","2,090.0","2,162.8"
Total),4.5-5,51070.0,NIS thousand,2023.0,"2,747.8","2,610.9","2,804.3","2,776.2","2,839.8"
Total),5.5-6,51090.0,NIS thousand,2023.0,"3,363.0","3,376.6","3,371.0","3,296.6","3,406.2"
,,51100.0,NIS thousand,2023.0,"2,708.0","2,658.2","2,746.8","2,633.0","2,797.7"
Jerusalem District,2-1,51110.0,NIS thousand,2023.0,"2,000.4","1,792.4","1,736.0","1,891.0","2,398.8"
Jerusalem District,2.5-3,51130.0,NIS thousand,2023.0,"2,164.8","2,193.0","2,166.3","2,081.2","2,241.8"
Jerusalem District,3.5-4,51150.0,NIS thousand,2023.0,"2,823.2","2,863.7","2,842.5","2,684.8","2,883.0"
Jerusalem District,4.5-5,51170.0,NIS thousand,2023.0,"3,468.9","3,384.9","3,491.5","3,437.6","3,546.7"
Jerusalem District,5.5-6,51190.0,NIS thousand,2023.0,"4,203.9","4,123.6","4,589.3","4,012.8","4,060.7"
,,51200.0,NIS thousand,2023.0,"1,342.8","1,321.0","1,325.9","1,354.4","1,380.6"
North District,2-1,51210.0,NIS thousand,2023.0,599.5,553.2,603.9,588.6,694.7
North District,2.5-3,51230.0,NIS thousand,2023.0,871.1,836.6,852.7,879.8,933.1
North District,3.5-4,51250.0,NIS thousand,2023.0,"1,333.3","1,300.4","1,319.6","1,353.8","1,369.6"
North District,4.5-5,51270.0,NIS thousand,2023.0,"1,811.2","1,835.3","1,782.5","1,798.8","1,831.9"
North District,5.5-6,51290.0,NIS thousand,2023.0,"2,320.4","2,306.2","2,362.0","2,278.7","2,314.0"
,,51300.0,NIS thousand,2023.0,"1,592.2","1,582.5","1,587.9","1,594.3","1,599.4"
Haifa District,2-1,51310.0,NIS thousand,2023.0,793.0,790.3,798.1,813.2,766.4
Haifa District,2.5-3,51330.0,NIS thousand,2023.0,"1,135.1","1,132.2","1,134.4","1,131.0","1,149.5"
Haifa District,3.5-4,51350.0,NIS thousand,2023.0,"1,649.0","1,648.6","1,632.5","1,662.3","1,650.0"
Haifa District,4.5-5,51370.0,NIS thousand,2023.0,"2,234.4","2,220.0","2,283.4","2,191.8","2,232.7"
Haifa District,5.5-6,51390.0,NIS thousand,2023.0,"2,935.3","2,986.1","2,832.7","3,000.9","2,910.1"
,,51400.0,NIS thousand,2023.0,"2,613.6","2,655.5","2,634.1","2,547.1","2,615.6"
center District,2-1,51410.0,NIS thousand,2023.0,"1,224.6","1,258.8","1,232.7","1,238.3","1,154.3"
center District,2.5-3,51430.0,NIS thousand,2023.0,"1,855.2","1,849.3","1,846.5","1,845.7","1,894.6"
center District,3.5-4,51450.0,NIS thousand,2023.0,"2,449.5","2,510.7","2,410.8","2,424.4","2,442.0"
center District,4.5-5,51470.0,NIS thousand,2023.0,"3,257.0","3,257.8","3,295.6","3,185.3","3,303.3"
center District,5.5-6,51490.0,NIS thousand,2023.0,"4,021.9","4,100.6","4,124.0","3,863.9","3,929.9"
,,51500.0,NIS thousand,2023.0,"3,108.5","3,092.6","3,114.6","3,101.5","3,118.7"
Tel Aviv District,2-1,51510.0,NIS thousand,2023.0,"2,157.5","2,120.4","2,064.1","2,309.0","2,059.5"
Tel Aviv District,2.5-3,51530.0,NIS thousand,2023.0,"2,531.0","2,504.8","2,484.6","2,568.5","2,566.5"
Tel Aviv District,3.5-4,51550.0,NIS thousand,2023.0,"3,303.9","3,239.0","3,382.0","3,277.4","3,336.9"
Tel Aviv District,4.5-5,51570.0,NIS thousand,2023.0,"4,193.8","4,258.2","4,236.1","4,181.5","4,092.0"
Tel Aviv District,5.5-6,51590.0,NIS thousand,2023.0,"4,979.9","4,850.1","4,911.4","5,427.1","4,495.9"
,,51600.0,NIS thousand,2023.0,"1,418.8","1,387.6","1,414.9","1,444.6","1,441.0"
South District,2-1,51610.0,NIS thousand,2023.0,798.1,827.5,842.1,740.6,780.7
South District,2.5-3,51630.0,NIS thousand,2023.0,"1,051.0","1,006.7","1,047.2","1,042.1","1,129.2"
South District,3.5-4,51650.0,NIS thousand,2023.0,"1,448.7","1,399.1","1,440.5","1,489.8","1,481.7"
South District,4.5-5,51670.0,NIS thousand,2023.0,"1,872.5","1,705.7","1,940.5","2,028.1","1,996.1"
South District,5.5-6,51690.0,NIS thousand,2023.0,"2,431.1","2,492.6","2,314.3","2,441.8","2,490.5"
,,51700.0,NIS thousand,2023.0,"1,991.9","1,972.2","1,926.0","2,088.4","1,932.6"
Ashdod,2-1,51710.0,NIS thousand,2023.0,"1,172.3","1,129.5","1,146.2","1,286.8","1,183.6"
Ashdod,2.5-3,51730.0,NIS thousand,2023.0,"1,660.3","1,646.3","1,645.6","1,658.8","1,678.9"
Ashdod,3.5-4,51750.0,NIS thousand,2023.0,"1,989.1","1,939.6","1,971.8","2,054.0","1,972.3"
Ashdod,4.5-5,51770.0,NIS thousand,2023.0,"2,648.2","2,608.8","2,667.6","2,729.6","2,488.5"
Ashdod,5.5-6,51790.0,NIS thousand,2023.0,"3,099.1","2,761.2","2,809.2","3,448.6","3,785.2"
,,51800.0,NIS thousand,2023.0,"1,594.4","1,567.9","1,608.2","1,581.2","1,638.2"
Ashkelon,2-1,51810.0,NIS thousand,2023.0,826.9,796.3,900.9,823.2,822.6
Ashkelon,2.5-3,51830.0,NIS thousand,2023.0,"1,177.7","1,141.6","1,158.1","1,135.5","1,301.9"
Ashkelon,3.5-4,51850.0,NIS thousand,2023.0,"1,601.7","1,586.9","1,594.3","1,586.4","1,651.5"
Ashkelon,4.5-5,51870.0,NIS thousand,2023.0,"2,172.2","2,266.3","2,118.4","2,138.9","2,183.6"
Ashkelon,5.5-6,51890.0,NIS thousand,2023.0,"2,804.3","2,918.7","2,923.3","2,566.2",
,,51900.0,NIS thousand,2023.0,"1,170.2","1,158.0","1,208.2","1,155.1","1,157.1"
Beer Sheva,2-1,51910.0,NIS thousand,2023.0,602.2,597.0,630.1,596.3,587.4
Beer Sheva,2.5-3,51930.0,NIS thousand,2023.0,852.6,846.2,860.1,844.2,865.7
Beer Sheva,3.5-4,51950.0,NIS thousand,2023.0,"1,254.9","1,255.6","1,288.1","1,241.1","1,228.7"
Beer Sheva,4.5-5,51970.0,NIS thousand,2023.0,"1,793.4","1,772.6","1,814.3","1,796.2","1,793.9"
Beer Sheva,5.5-6,51990.0,NIS thousand,2023.0,"2,293.4","2,125.1","2,298.2","2,383.6","2,511.8"
,,52000.0,NIS thousand,2023.0,"2,327.5","2,257.7","2,357.8","2,330.3","2,367.3"
Beit Shemesh,2-1,52010.0,NIS thousand,2023.0,"1,365.8",,,,
Beit Shemesh,2.5-3,52030.0,NIS thousand,2023.0,"1,824.6","1,808.5","1,844.1","1,817.2","1,836.4"
Beit Shemesh,3.5-4,52050.0,NIS thousand,2023.0,"2,232.7","2,256.6","2,250.7","2,208.0","2,213.7"
Beit Shemesh,4.5-5,52070.0,NIS thousand,2023.0,"2,853.4","2,822.5","3,086.9","2,780.2","2,835.2"
Beit Shemesh,5.5-6,52090.0,NIS thousand,2023.0,"3,386.1","3,036.9","3,558.1","3,430.6","3,420.2"
,,52100.0,NIS thousand,2023.0,"2,284.5","2,321.0","2,198.7","2,294.8","2,304.6"
Bnei Brak,2-1,52110.0,NIS thousand,2023.0,"1,506.4","1,464.7","1,474.7","1,546.7","1,574.3"
Bnei Brak,2.5-3,52130.0,NIS thousand,2023.0,"1,920.0","1,940.8","1,812.8","1,971.1","1,942.9"
Bnei Brak,3.5-4,52150.0,NIS thousand,2023.0,"2,486.9","2,422.3","2,457.3","2,544.7","2,541.4"
Bnei Brak,4.5-5,52170.0,NIS thousand,2023.0,"3,161.7","3,214.6","3,069.0","3,134.6","3,239.9"
Bnei Brak,5.5-6,52190.0,NIS thousand,2023.0,"3,570.3","3,626.6","3,456.4","3,971.9","3,187.0"
,,52200.0,NIS thousand,2023.0,"2,321.3","2,346.4","2,305.6","2,304.3","2,299.0"
Bat Yam,2-1,52210.0,NIS thousand,2023.0,"1,556.1","1,542.5","1,670.2","1,485.2","1,504.0"
Bat Yam,2.5-3,52230.0,NIS thousand,2023.0,"1,915.1","2,019.0","1,815.9","1,862.3","1,962.2"
Bat Yam,3.5-4,52250.0,NIS thousand,2023.0,"2,548.4","2,549.3","2,459.6","2,552.3","2,697.5"
Bat Yam,4.5-5,52270.0,NIS thousand,2023.0,"3,652.2","3,594.8","3,721.4","3,667.0","3,643.4"
Bat Yam,5.5-6,52290.0,NIS thousand,2023.0,"4,751.4","4,888.5","5,022.4","4,135.3",
,,53300.0,NIS thousand,2023.0,"3,582.5","3,558.4","3,537.8","3,605.8","3,617.0"
Herzlliya,2-1,53310.0,NIS thousand,2023.0,"1,833.3","1,634.1","2,018.0","1,822.0",
Herzlliya,2.5-3,53330.0,NIS thousand,2023.0,"2,662.7","2,805.2","2,696.3","2,547.2","2,538.8"
Herzlliya,3.5-4,53350.0,NIS thousand,2023.0,"3,431.8","3,405.3","3,265.9","3,461.5","3,527.2"
Herzlliya,4.5-5,53370.0,NIS thousand,2023.0,"4,438.2","4,423.2","4,603.8","4,298.1","4,486.1"
Herzlliya,5.5-6,53390.0,NIS thousand,2023.0,"5,824.2",,"5,679.5",,
,,53400.0,NIS thousand,2023.0,"1,846.0","1,854.8","1,806.2","1,884.6","1,841.8"
Hadera,2-1,53410.0,NIS thousand,2023.0,"1,057.0","1,000.0","1,022.3",994.7,"1,306.5"
Hadera,2.5-3,53430.0,NIS thousand,2023.0,"1,400.7","1,399.6","1,412.7","1,439.4","1,339.4"
Hadera,3.5-4,53450.0,NIS thousand,2023.0,"1,883.9","1,877.8","1,857.6","1,871.1","1,928.6"
Hadera,4.5-5,53470.0,NIS thousand,2023.0,"2,283.4","2,297.1","2,336.0","2,245.5","2,217.6"
Hadera,5.5-6,53490.0,NIS thousand,2023.0,"2,831.9",,"2,389.3","3,035.8","2,887.1"
,,52300.0,NIS thousand,2023.0,"2,123.4","2,082.6","2,074.6","2,221.3","2,060.8"
Holon,2-1,52310.0,NIS thousand,2023.0,"1,354.7","1,189.5","1,375.5","1,588.8","1,249.8"
Holon,2.5-3,52330.0,NIS thousand,2023.0,"1,692.7","1,667.3","1,649.8","1,773.8","1,620.9"
Holon,3.5-4,52350.0,NIS thousand,2023.0,"2,214.8","2,315.9","2,181.7","2,117.7","2,225.7"
Holon,4.5-5,52370.0,NIS thousand,2023.0,"3,051.4","2,645.4","3,171.9","3,263.4","3,043.2"
Holon,5.5-6,52390.0,NIS thousand,2023.0,"3,915.1",,,"4,380.0","3,426.9"
,,52400.0,NIS thousand,2023.0,"1,509.7","1,555.8","1,512.0","1,475.3","1,475.4"
Haifa,2-1,52410.0,NIS thousand,2023.0,787.4,829.1,782.8,807.5,719.0
Haifa,2.5-3,52430.0,NIS thousand,2023.0,"1,125.9","1,132.6","1,131.7","1,085.7","1,164.1"
Haifa,3.5-4,52450.0,NIS thousand,2023.0,"1,716.6","1,772.7","1,660.9","1,714.8","1,716.0"
Haifa,4.5-5,52470.0,NIS thousand,2023.0,"2,503.2","2,526.1","2,565.1","2,416.9","2,485.4"
Haifa,5.5-6,52490.0,NIS thousand,2023.0,"2,978.4","2,929.8","3,064.5","3,096.0","2,866.3"
,,52500.0,NIS thousand,2023.0,"2,841.0","2,788.7","2,861.9","2,762.4","2,943.6"
Jerusalem,2-1,52510.0,NIS thousand,2023.0,"2,018.9","1,815.3","1,739.7","1,898.9","2,431.6"
Jerusalem,2.5-3,52530.0,NIS thousand,2023.0,"2,296.2","2,335.1","2,284.6","2,201.8","2,379.7"
Jerusalem,3.5-4,52550.0,NIS thousand,2023.0,"3,068.0","3,081.1","3,043.7","2,953.2","3,155.1"
Jerusalem,4.5-5,52570.0,NIS thousand,2023.0,"3,788.7","3,676.9","3,613.1","3,918.6","3,945.9"
Jerusalem,5.5-6,52590.0,NIS thousand,2023.0,"5,123.5","4,849.5","5,395.2","4,901.9","5,514.2"
,,52600.0,NIS thousand,2023.0,"2,876.6","2,874.3","3,012.5","2,830.1","2,779.2"
Kfar Saba,2-1,52610.0,NIS thousand,2023.0,"1,699.7",,"1,733.4","1,807.5",
Kfar Saba,2.5-3,52630.0,NIS thousand,2023.0,"2,173.1","2,343.3","2,191.6","1,957.1","2,144.6"
Kfar Saba,3.5-4,52650.0,NIS thousand,2023.0,"2,819.5","2,811.2","2,830.9","2,841.7","2,810.4"
Kfar Saba,4.5-5,52670.0,NIS thousand,2023.0,"3,356.3","3,211.2","3,665.5","3,253.5","3,430.3"
Kfar Saba,5.5-6,52690.0,NIS thousand,2023.0,"4,526.9","4,141.7","5,368.9","4,221.4",
,,52700.0,NIS thousand,2023.0,"2,600.9","2,637.9","2,517.1","2,556.2","2,711.1"
Netanya,2-1,52710.0,NIS thousand,2023.0,"1,186.7","1,346.3","1,208.3","1,111.3","1,022.7"
Netanya,2.5-3,52730.0,NIS thousand,2023.0,"1,842.5","1,914.3","1,790.0","1,787.2","1,875.0"
Netanya,3.5-4,52750.0,NIS thousand,2023.0,"2,433.4","2,483.4","2,390.3","2,374.7","2,490.9"
Netanya,4.5-5,52770.0,NIS thousand,2023.0,"3,278.4","3,269.4","3,257.0","3,203.2","3,437.6"
Netanya,5.5-6,52790.0,NIS thousand,2023.0,"4,103.4","3,873.7","3,963.4","4,562.1","4,150.6"
,,52800.0,NIS thousand,2023.0,"2,446.2","2,439.6","2,419.6","2,401.5","2,531.2"
Petah Tiqwa,2-1,52810.0,NIS thousand,2023.0,"1,306.6","1,285.7","1,300.8","1,452.5","1,209.1"
Petah Tiqwa,2.5-3,52830.0,NIS thousand,2023.0,"1,850.2","1,831.5","1,895.9","1,806.8","1,905.6"
Petah Tiqwa,3.5-4,52850.0,NIS thousand,2023.0,"2,360.2","2,367.6","2,371.4","2,310.7","2,407.3"
Petah Tiqwa,4.5-5,52870.0,NIS thousand,2023.0,"3,036.1","2,947.1","2,990.3","3,105.4","3,122.8"
Petah Tiqwa,5.5-6,52890.0,NIS thousand,2023.0,"3,862.7","3,937.2","3,945.1","3,666.7","3,891.5"
,,52900.0,NIS thousand,2023.0,"2,395.9","2,419.8","2,517.9","2,284.6","2,368.7"
Rishon Lezion,2-1,52910.0,NIS thousand,2023.0,"1,413.7","1,515.0","1,288.2","1,373.7","1,441.0"
Rishon Lezion,2.5-3,52930.0,NIS thousand,2023.0,"1,851.4","1,868.3","1,859.4","1,817.2","1,876.9"
Rishon Lezion,3.5-4,52950.0,NIS thousand,2023.0,"2,312.4","2,348.9","2,326.2","2,285.7","2,290.1"
Rishon Lezion,4.5-5,52970.0,NIS thousand,2023.0,"3,220.3","3,187.3","3,364.0","3,116.6","3,170.8"
Rishon Lezion,5.5-6,52990.0,NIS thousand,2023.0,"3,987.3","3,955.1","4,159.5","3,669.0","4,040.6"
,,53000.0,NIS thousand,2023.0,"2,417.8","2,521.3","2,414.1","2,352.4","2,370.7"
Rehovot,2-1,53010.0,NIS thousand,2023.0,"1,019.6",,,,852.1
Rehovot,2.5-3,53030.0,NIS thousand,2023.0,"1,826.1","1,865.8","1,733.3","1,853.9","1,830.7"
Rehovot,3.5-4,53050.0,NIS thousand,2023.0,"2,365.0","2,357.7","2,407.0","2,325.9","2,372.3"
Rehovot,4.5-5,53070.0,NIS thousand,2023.0,"3,046.7","3,025.8","3,084.6","3,034.1","3,050.4"
Rehovot,5.5-6,53090.0,NIS thousand,2023.0,"4,015.0","4,316.2",,"3,621.1","3,747.0"
,,53100.0,NIS thousand,2023.0,"2,981.3","3,176.3","2,731.1","2,869.2","2,968.7"
Ramat Gan,2-1,53110.0,NIS thousand,2023.0,"1,770.7","1,817.4","1,558.1","1,873.4","1,688.2"
Ramat Gan,2.5-3,53130.0,NIS thousand,2023.0,"2,400.9","2,490.0","2,293.9","2,403.1","2,374.2"
Ramat Gan,3.5-4,53150.0,NIS thousand,2023.0,"3,126.1","3,240.2","3,091.9","2,942.3","3,081.3"
Ramat Gan,4.5-5,53170.0,NIS thousand,2023.0,"4,009.4","4,074.3","3,920.6","4,017.4","3,931.8"
Ramat Gan,5.5-6,53190.0,NIS thousand,2023.0,"6,571.5","6,707.3",,,
,,53200.0,NIS thousand,2023.0,"4,115.8","4,144.4","4,243.4","4,076.4","4,014.1"
Tel Aviv,2-1,53210.0,NIS thousand,2023.0,"2,751.8","2,821.5","2,621.5","2,882.5","2,592.5"
Tel Aviv,2.5-3,53230.0,NIS thousand,2023.0,"3,632.2","3,585.3","3,622.4","3,659.5","3,718.0"
Tel Aviv,3.5-4,53250.0,NIS thousand,2023.0,"4,842.6","4,850.1","5,142.8","4,869.2","4,535.1"
Tel Aviv,4.5-5,53270.0,NIS thousand,2023.0,"6,517.5","6,414.1","6,719.1","6,360.0","6,833.7"
Tel Aviv,5.5-6,53290.0,NIS thousand,2023.0,"7,967.8",,,"8,150.5",
,,51000.0,NIS thousand,2024.0,,"2,251.4","2,330.0","2,242.9",
Total),2-1,51010.0,NIS thousand,2024.0,,"1,392.1","1,553.1","1,509.8",
Total),2.5-3,51030.0,NIS thousand,2024.0,,"1,712.0","1,802.8","1,751.3",
Total),3.5-4,51050.0,NIS thousand,2024.0,,"2,220.4","2,292.9","2,202.7",
Total),4.5-5,51070.0,NIS thousand,2024.0,,"2,890.3","2,939.9","2,878.0",
Total),5.5-6,51090.0,NIS thousand,2024.0,,"3,476.6","3,491.0","3,413.3",
,,51100.0,NIS thousand,2024.0,,"2,621.9","2,819.5","2,664.3",
Jerusalem District,2-1,51110.0,NIS thousand,2024.0,,"1,817.0","1,896.8","1,844.7",
Jerusalem District,2.5-3,51130.0,NIS thousand,2024.0,,"2,115.6","2,339.9","2,221.9",
Jerusalem District,3.5-4,51150.0,NIS thousand,2024.0,,"2,765.8","2,868.1","2,736.6",
Jerusalem District,4.5-5,51170.0,NIS thousand,2024.0,,"3,270.6","3,640.3","3,642.3",
Jerusalem District,5.5-6,51190.0,NIS thousand,2024.0,,"4,198.0","4,512.4","3,923.2",
,,51200.0,NIS thousand,2024.0,,"1,414.5","1,449.0","1,456.5",
North District,2-1,51210.0,NIS thousand,2024.0,,625.4,683.0,690.8,
North District,2.5-3,51230.0,NIS thousand,2024.0,,944.6,988.3,979.7,
North District,3.5-4,51250.0,NIS thousand,2024.0,,"1,388.9","1,416.7","1,447.3",
North District,4.5-5,51270.0,NIS thousand,2024.0,,"1,918.6","1,892.5","1,907.8",
North District,5.5-6,51290.0,NIS thousand,2024.0,,"2,430.9","2,451.9","2,352.7",
,,51300.0,NIS thousand,2024.0,,"1,699.5","1,816.2","1,809.1",
Haifa District,2-1,51310.0,NIS thousand,2024.0,,845.1,840.1,888.5,
Haifa District,2.5-3,51330.0,NIS thousand,2024.0,,"1,209.3","1,262.1","1,311.7",
Haifa District,3.5-4,51350.0,NIS thousand,2024.0,,"1,703.7","1,812.1","1,814.7",
Haifa District,4.5-5,51370.0,NIS thousand,2024.0,,"2,312.0","2,418.7","2,408.5",
Haifa District,5.5-6,51390.0,NIS thousand,2024.0,,"2,944.4","3,205.5","3,129.5",
,,51400.0,NIS thousand,2024.0,,"2,790.1","2,780.7","2,726.2",
center District,2-1,51410.0,NIS thousand,2024.0,,"1,333.1","1,410.1","1,528.9",
center District,2.5-3,51430.0,NIS thousand,2024.0,,"2,020.9","1,962.4","2,024.6",
center District,3.5-4,51450.0,NIS thousand,2024.0,,"2,534.6","2,571.2","2,581.9",
center District,4.5-5,51470.0,NIS thousand,2024.0,,"3,351.3","3,305.8","3,318.8",
center District,5.5-6,51490.0,NIS thousand,2024.0,,"4,087.7","4,057.5","4,176.7",
,,51500.0,NIS thousand,2024.0,,"3,242.3","3,341.0","3,231.2",
Tel Aviv District,2-1,51510.0,NIS thousand,2024.0,,"2,248.1","2,358.1","2,265.8",
Tel Aviv District,2.5-3,51530.0,NIS thousand,2024.0,,"2,641.8","2,860.9","2,622.7",
Tel Aviv District,3.5-4,51550.0,NIS thousand,2024.0,,"3,472.6","3,529.7","3,465.9",
Tel Aviv District,4.5-5,51570.0,NIS thousand,2024.0,,"4,280.8","4,330.2","4,277.6",
Tel Aviv District,5.5-6,51590.0,NIS thousand,2024.0,,"4,530.8","4,700.5","4,895.5",
,,51600.0,NIS thousand,2024.0,,"1,524.2","1,544.2","1,540.2",
South District,2-1,51610.0,NIS thousand,2024.0,,846.6,883.0,899.7,
South District,2.5-3,51630.0,NIS thousand,2024.0,,"1,152.8","1,133.0","1,160.5",
South District,3.5-4,51650.0,NIS thousand,2024.0,,"1,534.5","1,569.6","1,549.7",
South District,4.5-5,51670.0,NIS thousand,2024.0,,"2,083.7","2,073.4","2,002.3",
South District,5.5-6,51690.0,NIS thousand,2024.0,,"2,409.4","2,442.6","2,467.2",
,,51700.0,NIS thousand,2024.0,,"2,154.2","2,201.6","2,150.8",
Ashdod,2-1,51710.0,NIS thousand,2024.0,,"1,315.4","1,371.7","1,307.6",
Ashdod,2.5-3,51730.0,NIS thousand,2024.0,,"1,768.8","1,689.0","1,877.8",
Ashdod,3.5-4,51750.0,NIS thousand,2024.0,,"2,195.8","2,254.2","2,251.1",
Ashdod,4.5-5,51770.0,NIS thousand,2024.0,,"2,992.1","2,999.9","2,692.1",
Ashdod,5.5-6,51790.0,NIS thousand,2024.0,,,"3,533.0",,
,,51800.0,NIS thousand,2024.0,,"1,673.6","1,738.7","1,713.4",
Ashkelon,2-1,51810.0,NIS thousand,2024.0,,797.5,830.9,937.3,
Ashkelon,2.5-3,51830.0,NIS thousand,2024.0,,"1,209.3","1,312.6","1,288.3",
Ashkelon,3.5-4,51850.0,NIS thousand,2024.0,,"1,643.0","1,738.3","1,675.2",
Ashkelon,4.5-5,51870.0,NIS thousand,2024.0,,"2,191.1","2,199.0","2,259.9",
Ashkelon,5.5-6,51890.0,NIS thousand,2024.0,,"2,951.3","2,669.2","2,976.4",
,,51900.0,NIS thousand,2024.0,,"1,218.0","1,225.8","1,249.0",
Beer Sheva,2-1,51910.0,NIS thousand,2024.0,,610.9,637.3,621.5,
Beer Sheva,2.5-3,51930.0,NIS thousand,2024.0,,854.1,859.4,853.9,
Beer Sheva,3.5-4,51950.0,NIS thousand,2024.0,,"1,305.6","1,325.8","1,313.7",
Beer Sheva,4.5-5,51970.0,NIS thousand,2024.0,,"1,855.3","1,858.2","1,838.4",
Beer Sheva,5.5-6,51990.0,NIS thousand,2024.0,,"2,370.9","2,407.6","2,327.0",
,,52000.0,NIS thousand,2024.0,,"2,337.2","2,363.6","2,303.6",
Beit Shemesh,2-1,52010.0,NIS thousand,2024.0,,,,,
Beit Shemesh,2.5-3,52030.0,NIS thousand,2024.0,,"1,920.3","1,849.1","1,846.3",
Beit Shemesh,3.5-4,52050.0,NIS thousand,2024.0,,"2,215.1","2,332.9","2,266.6",
Beit Shemesh,4.5-5,52070.0,NIS thousand,2024.0,,"2,758.7","2,911.7","2,959.5",
Beit Shemesh,5.5-6,52090.0,NIS thousand,2024.0,,"3,422.5","3,390.2","3,248.7",
,,52100.0,NIS thousand,2024.0,,"2,392.2","2,395.1","2,418.7",
Bnei Brak,2-1,52110.0,NIS thousand,2024.0,,"1,583.8","1,650.0","1,739.6",
Bnei Brak,2.5-3,52130.0,NIS thousand,2024.0,,"1,930.5","1,896.6","2,021.5",
Bnei Brak,3.5-4,52150.0,NIS thousand,2024.0,,"2,468.1","2,602.3","2,553.1",
Bnei Brak,4.5-5,52170.0,NIS thousand,2024.0,,"3,234.5","3,303.6","3,312.3",
Bnei Brak,5.5-6,52190.0,NIS thousand,2024.0,,"3,360.3","3,141.6","3,291.9",
,,52200.0,NIS thousand,2024.0,,"2,311.8","2,332.2","2,365.7",
Bat Yam,2-1,52210.0,NIS thousand,2024.0,,"1,569.1","1,553.7","1,595.8",
Bat Yam,2.5-3,52230.0,NIS thousand,2024.0,,"1,979.0","1,943.0","2,041.7",
Bat Yam,3.5-4,52250.0,NIS thousand,2024.0,,"2,526.7","2,689.7","2,875.9",
Bat Yam,4.5-5,52270.0,NIS thousand,2024.0,,"3,882.6","3,595.5","3,645.0",
Bat Yam,5.5-6,52290.0,NIS thousand,2024.0,,,,,
,,53300.0,NIS thousand,2024.0,,"3,812.2","4,025.7","3,911.4",
Herzlliya,2-1,53310.0,NIS thousand,2024.0,,,"2,145.3","2,475.2",
Herzlliya,2.5-3,53330.0,NIS thousand,2024.0,,"2,949.3","2,827.8","2,955.8",
Herzlliya,3.5-4,53350.0,NIS thousand,2024.0,,"3,666.8","3,669.4","3,538.4",
Herzlliya,4.5-5,53370.0,NIS thousand,2024.0,,"4,691.5","4,944.2","4,973.8",
Herzlliya,5.5-6,53390.0,NIS thousand,2024.0,,,"6,268.6","6,605.6",
,,53400.0,NIS thousand,2024.0,,"2,023.4","2,117.3","2,055.2",
Hadera,2-1,53410.0,NIS thousand,2024.0,,"1,341.1","1,357.2","1,283.6",
Hadera,2.5-3,53430.0,NIS thousand,2024.0,,"1,546.8","1,609.0","1,581.7",
Hadera,3.5-4,53450.0,NIS thousand,2024.0,,"1,998.5","2,062.6","2,052.2",
Hadera,4.5-5,53470.0,NIS thousand,2024.0,,"2,394.8","2,493.6","2,550.0",
Hadera,5.5-6,53490.0,NIS thousand,2024.0,,"2,952.7","2,912.4","3,075.4",
,,52300.0,NIS thousand,2024.0,,"2,291.0","2,330.8","2,332.2",
Holon,2-1,52310.0,NIS thousand,2024.0,,"1,452.5","1,523.3","1,542.2",
Holon,2.5-3,52330.0,NIS thousand,2024.0,,"1,760.4","1,902.3","1,873.8",
Holon,3.5-4,52350.0,NIS thousand,2024.0,,"2,329.0","2,423.7","2,410.9",
Holon,4.5-5,52370.0,NIS thousand,2024.0,,"2,980.0","2,968.0","3,156.4",
Holon,5.5-6,52390.0,NIS thousand,2024.0,,"4,542.8","4,260.0","4,916.7",
,,52400.0,NIS thousand,2024.0,,"1,546.9","1,713.0","1,687.7",
Haifa,2-1,52410.0,NIS thousand,2024.0,,771.2,810.7,849.9,
Haifa,2.5-3,52430.0,NIS thousand,2024.0,,"1,179.1","1,201.7","1,250.9",
Haifa,3.5-4,52450.0,NIS thousand,2024.0,,"1,750.3","1,947.2","1,867.8",
Haifa,4.5-5,52470.0,NIS thousand,2024.0,,"2,603.2","2,714.2","2,750.1",
Haifa,5.5-6,52490.0,NIS thousand,2024.0,,"2,891.0","3,059.2","3,467.5",
,,52500.0,NIS thousand,2024.0,,"2,710.6","2,961.0","2,818.7",
Jerusalem,2-1,52510.0,NIS thousand,2024.0,,"1,823.9","1,916.2","1,844.2",
Jerusalem,2.5-3,52530.0,NIS thousand,2024.0,,"2,199.0","2,472.9","2,367.6",
Jerusalem,3.5-4,52550.0,NIS thousand,2024.0,,"2,977.8","3,116.9","3,077.5",
Jerusalem,4.5-5,52570.0,NIS thousand,2024.0,,"3,665.9","3,958.4","4,076.8",
Jerusalem,5.5-6,52590.0,NIS thousand,2024.0,,"5,033.9","5,236.5","4,787.8",
,,52600.0,NIS thousand,2024.0,,"2,902.3","3,181.5","3,066.8",
Kfar Saba,2-1,52610.0,NIS thousand,2024.0,,"1,806.0",,,
Kfar Saba,2.5-3,52630.0,NIS thousand,2024.0,,"2,292.1","2,503.9","2,261.8",
Kfar Saba,3.5-4,52650.0,NIS thousand,2024.0,,"2,783.9","2,913.0","3,007.1",
Kfar Saba,4.5-5,52670.0,NIS thousand,2024.0,,"3,648.6","3,801.3","3,651.8",
Kfar Saba,5.5-6,52690.0,NIS thousand,2024.0,,"4,131.3","4,960.6",,
,,52700.0,NIS thousand,2024.0,,"2,754.3","2,811.0","2,755.7",
Netanya,2-1,52710.0,NIS thousand,2024.0,,"1,177.0","1,387.3","1,350.0",
Netanya,2.5-3,52730.0,NIS thousand,2024.0,,"2,018.4","1,882.9","1,941.4",
Netanya,3.5-4,52750.0,NIS thousand,2024.0,,"2,553.6","2,669.2","2,690.1",
Netanya,4.5-5,52770.0,NIS thousand,2024.0,,"3,351.8","3,371.2","3,435.4",
Netanya,5.5-6,52790.0,NIS thousand,2024.0,,"4,220.1","4,557.4","3,720.9",
,,52800.0,NIS thousand,2024.0,,"2,639.3","2,568.3","2,664.8",
Petah Tiqwa,2-1,52810.0,NIS thousand,2024.0,,"1,420.9","1,314.8","1,644.7",
Petah Tiqwa,2.5-3,52830.0,NIS thousand,2024.0,,"1,929.2","1,925.1","2,013.3",
Petah Tiqwa,3.5-4,52850.0,NIS thousand,2024.0,,"2,436.6","2,488.3","2,488.4",
Petah Tiqwa,4.5-5,52870.0,NIS thousand,2024.0,,"3,164.3","3,155.3","3,216.7",
Petah Tiqwa,5.5-6,52890.0,NIS thousand,2024.0,,"4,148.0","3,842.8","4,125.6",
,,52900.0,NIS thousand,2024.0,,"2,776.9","2,898.8","2,724.8",
Rishon Lezion,2-1,52910.0,NIS thousand,2024.0,,"1,633.3","1,317.2","1,455.6",
Rishon Lezion,2.5-3,52930.0,NIS thousand,2024.0,,"2,156.0","2,056.5","2,146.4",
Rishon Lezion,3.5-4,52950.0,NIS thousand,2024.0,,"2,498.1","2,603.4","2,456.1",
Rishon Lezion,4.5-5,52970.0,NIS thousand,2024.0,,"3,399.7","3,555.1","3,588.0",
Rishon Lezion,5.5-6,52990.0,NIS thousand,2024.0,,"3,965.5","3,985.3","3,997.8",
,,53000.0,NIS thousand,2024.0,,"2,551.5","2,542.6","2,488.1",
Rehovot,2-1,53010.0,NIS thousand,2024.0,,,924.5,"1,261.0",
Rehovot,2.5-3,53030.0,NIS thousand,2024.0,,"1,973.1","1,976.3","2,040.9",
Rehovot,3.5-4,53050.0,NIS thousand,2024.0,,"2,421.2","2,425.9","2,328.8",
Rehovot,4.5-5,53070.0,NIS thousand,2024.0,,"3,271.0","3,123.3","2,954.2",
Rehovot,5.5-6,53090.0,NIS thousand,2024.0,,"3,560.8","3,929.9","3,932.8",
,,53100.0,NIS thousand,2024.0,,"2,971.0","3,142.9","3,139.7",
Ramat Gan,2-1,53110.0,NIS thousand,2024.0,,"1,814.7","1,783.6","2,019.3",
Ramat Gan,2.5-3,53130.0,NIS thousand,2024.0,,"2,404.3","2,631.7","2,544.4",
Ramat Gan,3.5-4,53150.0,NIS thousand,2024.0,,"3,149.2","3,314.4","3,330.8",
Ramat Gan,4.5-5,53170.0,NIS thousand,2024.0,,"3,971.0","3,943.4","4,355.3",
Ramat Gan,5.5-6,53190.0,NIS thousand,2024.0,,,,"4,613.9",
,,53200.0,NIS thousand,2024.0,,"4,169.2","4,157.9","4,135.4",
Tel Aviv,2-1,53210.0,NIS thousand,2024.0,,"2,750.3","2,862.5","2,760.5",
Tel Aviv,2.5-3,53230.0,NIS thousand,2024.0,,"3,657.0","3,859.3","3,635.1",
Tel Aviv,3.5-4,53250.0,NIS thousand,2024.0,,"4,967.3","4,824.5","4,866.1",
Tel Aviv,4.5-5,53270.0,NIS thousand,2024.0,,"6,236.6","6,254.8","6,517.7",
Tel Aviv,5.5-6,53290.0,NIS thousand,2024.0,,,,,
