Company number,Job Title,Industry,Main Company Interest,Country,Country Region,Channel Group (Inbound),Device Category,Num of Employees,Signup Timestamp Date,Conversion to Mql Timestamp Date,First Demo Date Date,Conversion to Paid Timestamp Date,Arr At Conversion
2,xb,retail,taskManagement,Afghanistan,ArabStates,mobile,Mobile,"3,000",14/06/2024,,,,
4,nxn,retail,taskManagement,Afghanistan,ArabStates,mobile,Mobile,"3,000",14/06/2024,,,,
5,vbb,retail,taskManagement,Afghanistan,ArabStates,mobile,Mobile,"3,000",14/06/2024,,,,
8,xb,foodBeverages,taskManagement,Afghanistan,ArabStates,mobile,Mobile,"3,000",14/06/2024,,,,
10,jdjdjeb,retail,taskManagement,Afghanistan,ArabStates,mobile,Mobile,"3,000",14/06/2024,,,,
13,hxhxbb,retail,formsAndChecklists,Afghanistan,ArabStates,mobile,Mobile,"3,000",14/06/2024,,,,
14,nxbsbsb,hospitality,taskManagement,Afghanistan,ArabStates,mobile,Mobile,"3,000",14/06/2024,,,,
18,gdd,hospitality,formsAndChecklists,Afghanistan,ArabStates,mobile,Mobile,"3,000",14/06/2024,,,,
22,djsjb,hospitality,taskManagement,Afghanistan,ArabStates,mobile,Mobile,"3,000",14/06/2024,,,,
24,xbbsb,hospitality,taskManagement,Afghanistan,ArabStates,mobile,Mobile,"3,000",14/06/2024,,,,
27,bshsb,hospitality,formsAndChecklists,Afghanistan,ArabStates,mobile,Mobile,"3,000",14/06/2024,,,,
28,bxbeb,foodBeverages,taskManagement,Afghanistan,ArabStates,mobile,Mobile,"3,000",14/06/2024,,,,
29,nsnsbwb,construction,taskManagement,Afghanistan,ArabStates,mobile,Mobile,"3,000",14/06/2024,,,,
30,ndbsbb,hospitality,formsAndChecklists,Afghanistan,ArabStates,mobile,Mobile,"3,000",14/06/2024,,,,
31,hdhshh,retail,formsAndChecklists,Afghanistan,ArabStates,mobile,Mobile,"3,000",14/06/2024,,,,
32,ndhsbsb,hospitality,taskManagement,Afghanistan,ArabStates,mobile,Mobile,"3,000",14/06/2024,,,,
33,hb,retail,taskManagement,Afghanistan,ArabStates,mobile,Mobile,"3,000",14/06/2024,,,,
35,bbbxbzb,manufacturing,schedule,Afghanistan,ArabStates,mobile,Mobile,75,14/06/2024,,,,
37,znns na,hospitality,taskManagement,Afghanistan,ArabStates,mobile,Mobile,"3,000",14/06/2024,,,,
41,hxhxbb,retail,formsAndChecklists,Afghanistan,ArabStates,mobile,Mobile,"3,000",14/06/2024,,,,
43,h,retail,taskManagement,Afghanistan,ArabStates,mobile,Mobile,"3,000",14/06/2024,,,,
45,nxnsnsnn,hospitality,formsAndChecklists,Afghanistan,ArabStates,mobile,Mobile,"3,000",14/06/2024,,,,
48,bxbzbb,hospitality,taskManagement,Afghanistan,ArabStates,mobile,Mobile,"3,000",14/06/2024,,,,
50,bsbs,hospitality,taskManagement,Afghanistan,ArabStates,mobile,Mobile,"3,000",14/06/2024,,,,
53,bvh,hospitality,taskManagement,Afghanistan,ArabStates,mobile,Mobile,"3,000",14/06/2024,,,,
55,jsnsn,hospitality,formsAndChecklists,Afghanistan,ArabStates,mobile,Mobile,"3,000",14/06/2024,,,,
56,bxbzbb,retail,taskManagement,Afghanistan,ArabStates,mobile,Mobile,"3,000",14/06/2024,,,,
57,aaaaa,foodBeverages,scheduling,United Kingdom,Europe,cpc-google,PC,40,14/06/2024,,,,
60,◊¢◊ï◊ë◊ì◊™ ◊ô◊ô◊¶◊ï◊®,manufacturing,general,Israel,Israel,mobile,Mobile,40,14/06/2024,,,,
61,bzbsb,hospitality,formsAndChecklists,Afghanistan,ArabStates,mobile,Mobile,"3,000",14/06/2024,,,,
62,bdbeb,hospitality,formsAndChecklists,Afghanistan,ArabStates,mobile,Mobile,"3,000",14/06/2024,,,,
64,nxnsb,foodBeverages,taskManagement,Afghanistan,ArabStates,mobile,Mobile,"3,000",14/06/2024,,,,
66,bgv,hospitality,formsAndChecklists,Afghanistan,ArabStates,mobile,Mobile,"3,000",14/06/2024,,,,
68,ndbsb,hospitality,formsAndChecklists,Afghanistan,ArabStates,mobile,Mobile,"3,000",14/06/2024,,,,
69,hxhxbb,hospitality,taskManagement,Afghanistan,ArabStates,mobile,Mobile,"3,000",14/06/2024,,,,
73,bdhdbb,hospitality,formsAndChecklists,Afghanistan,ArabStates,mobile,Mobile,"3,000",14/06/2024,,,,
74,bdbsbb,hospitality,taskManagement,Afghanistan,ArabStates,mobile,Mobile,"3,000",14/06/2024,,,,
79,◊ê◊ó◊®◊ê◊ô ◊û◊©◊û◊®◊™,manufacturing,general,Israel,Israel,mobile,Mobile,40,14/06/2024,,,,
80,Napt√°r,education,scheduling,Hungary,Europe,cpc-google,PC,150,14/06/2024,,,,
82,nndnne,retail,formsAndChecklists,Afghanistan,ArabStates,mobile,Mobile,"3,000",14/06/2024,,,,
83,bzbsb,hospitality,formsAndChecklists,Afghanistan,ArabStates,mobile,Mobile,"3,000",14/06/2024,,,,
84,bdhdbb,hospitality,formsAndChecklists,Afghanistan,ArabStates,mobile,Mobile,"3,000",14/06/2024,,,,
89,bdbsb,hospitality,schedule,Afghanistan,ArabStates,mobile,Mobile,"3,000",14/06/2024,,,,
90,bxbzbb,hospitality,taskManagement,Afghanistan,ArabStates,mobile,Mobile,"3,000",14/06/2024,,,,
91,bdbsb,hospitality,formsAndChecklists,Afghanistan,ArabStates,mobile,Mobile,"3,000",14/06/2024,,,,
97,hsh,hospitality,taskManagement,Afghanistan,ArabStates,mobile,Mobile,"3,000",14/06/2024,,,,
98,sbb,hospitality,taskManagement,Afghanistan,ArabStates,mobile,Mobile,"3,000",14/06/2024,,,,
100,Lead builder gav a1 a2 l2 fork op,events,general,United States of America,NorthAmerica,email,Mobile,20,14/06/2024,,,,
102,bsbsbb,hospitality,formsAndChecklists,Afghanistan,ArabStates,mobile,Mobile,"3,000",14/06/2024,,,,
107,vbb,hospitality,formsAndChecklists,Afghanistan,ArabStates,mobile,Mobile,"3,000",14/06/2024,,,,
108,hxhxbb,retail,formsAndChecklists,Afghanistan,ArabStates,mobile,Mobile,"3,000",14/06/2024,,,,
111,bdbdb,hospitality,taskManagement,Afghanistan,ArabStates,mobile,Mobile,"3,000",14/06/2024,,,,
112,bsbb,hospitality,taskManagement,Afghanistan,ArabStates,mobile,Mobile,"3,000",14/06/2024,,,,
117,bdzbb,foodBeverages,taskManagement,Afghanistan,ArabStates,mobile,Mobile,"3,000",14/06/2024,,,,
119,bBabb,cleaning,taskManagement,Afghanistan,ArabStates,mobile,Mobile,"3,000",14/06/2024,,,,
120,db,retail,taskManagement,Afghanistan,ArabStates,mobile,Mobile,"3,000",14/06/2024,,,,
130,dj,retail,timeClock,Afghanistan,ArabStates,mobile,Mobile,"3,000",14/06/2024,,,,
131,nsjsn,hospitality,formsAndChecklists,Afghanistan,ArabStates,mobile,Mobile,"3,000",14/06/2024,,,,
132,nxbsbb,hospitality,taskManagement,Afghanistan,ArabStates,mobile,Mobile,"3,000",14/06/2024,,,,
133,bxbsb,hospitality,taskManagement,Afghanistan,ArabStates,mobile,Mobile,"3,000",14/06/2024,,,,
135,bsbsbsb,hospitality,formsAndChecklists,Afghanistan,ArabStates,mobile,Mobile,"3,000",14/06/2024,,,,
140,bbbxbzb,hospitality,taskManagement,Afghanistan,ArabStates,mobile,Mobile,"3,000",14/06/2024,,,,
143,nxbsbsb,hospitality,formsAndChecklists,Afghanistan,ArabStates,mobile,Mobile,"3,000",14/06/2024,,,,
144,sn,hospitality,timeClock,Afghanistan,ArabStates,mobile,Mobile,"3,000",14/06/2024,,,,
145,bdbsb,hospitality,taskManagement,Afghanistan,ArabStates,mobile,Mobile,"3,000",14/06/2024,,,,
147,bBabb,hospitality,taskManagement,Afghanistan,ArabStates,mobile,Mobile,"3,000",14/06/2024,,,,
151,ndnsb,construction,formsAndChecklists,Afghanistan,ArabStates,mobile,Mobile,"3,000",14/06/2024,,,,
152,bxbxb,construction,taskManagement,Afghanistan,ArabStates,mobile,Mobile,"3,000",14/06/2024,,,,
160,hsh,construction,schedule,Afghanistan,ArabStates,mobile,Mobile,"3,000",14/06/2024,,,,
161,dj,retail,taskManagement,Afghanistan,ArabStates,mobile,Mobile,"3,000",14/06/2024,,,,
164,sb,healthcare,formsAndChecklists,Afghanistan,ArabStates,mobile,Mobile,"3,000",14/06/2024,,,,
169,bdbshsbb,hospitality,taskManagement,Afghanistan,ArabStates,mobile,Mobile,"3,000",14/06/2024,,,,
170,ndbsb,hospitality,formsAndChecklists,Afghanistan,ArabStates,mobile,Mobile,"3,000",14/06/2024,,,,
171,bdbsbb,hospitality,taskManagement,Afghanistan,ArabStates,mobile,Mobile,"3,000",14/06/2024,,,,
175,nxnsnsnn,construction,taskManagement,Afghanistan,ArabStates,mobile,Mobile,"3,000",14/06/2024,,,,
186,h,hospitality,taskManagement,Afghanistan,ArabStates,mobile,Mobile,"3,000",14/06/2024,,,,
196,ndnsbsbb,retail,schedule,Afghanistan,ArabStates,mobile,Mobile,"3,000",14/06/2024,,,,
197,bdbsb,hospitality,schedule,Afghanistan,ArabStates,mobile,Mobile,"3,000",14/06/2024,,,,
199,dhdn bs b,hospitality,formsAndChecklists,Afghanistan,ArabStates,mobile,Mobile,"3,000",14/06/2024,,,,
201,h,hospitality,taskManagement,Afghanistan,ArabStates,mobile,Mobile,"3,000",14/06/2024,,,,
203,bxbzb,hospitality,formsAndChecklists,Afghanistan,ArabStates,mobile,Mobile,"3,000",14/06/2024,,,,
204,bdbsbb,hospitality,taskManagement,Afghanistan,ArabStates,mobile,Mobile,"3,000",14/06/2024,,,,
206,h,hospitality,taskManagement,Afghanistan,ArabStates,mobile,Mobile,"3,000",14/06/2024,,,,
207,bxbb,construction,taskManagement,Afghanistan,ArabStates,mobile,Mobile,"3,000",14/06/2024,,,,
208,bdbdb,hospitality,formsAndChecklists,Afghanistan,ArabStates,mobile,Mobile,"3,000",14/06/2024,,,,
215,db,construction,taskManagement,Afghanistan,ArabStates,mobile,Mobile,"3,000",14/06/2024,,,,
216,bxbsb,retail,formsAndChecklists,Afghanistan,ArabStates,mobile,Mobile,"3,000",14/06/2024,,,,
219,vbchvb,hospitality,taskManagement,Afghanistan,ArabStates,mobile,Mobile,"3,000",14/06/2024,,,,
220,bxhxbsb,hospitality,formsAndChecklists,Afghanistan,ArabStates,mobile,Mobile,"3,000",14/06/2024,,,,
222,bb,hospitality,formsAndChecklists,Afghanistan,ArabStates,mobile,Mobile,"3,000",14/06/2024,,,,
226,zb,hospitality,taskManagement,Afghanistan,ArabStates,mobile,Mobile,"3,000",14/06/2024,,,,
227,TEST2,foodBeverages,scheduling,United States of America,NorthAmerica,cpc-google,PC,75,14/06/2024,,,,
229,01:01,healthcare,general,Canada,NorthAmerica,email,Mobile,40,14/06/2024,,,,
230,bdbdbdbb,hospitality,taskManagement,Afghanistan,ArabStates,mobile,Mobile,"3,000",14/06/2024,,,,
231,bdbsbb,hospitality,taskManagement,Afghanistan,ArabStates,mobile,Mobile,"3,000",14/06/2024,,,,
238,bsbsbsb,hospitality,formsAndChecklists,Afghanistan,ArabStates,mobile,Mobile,"3,000",14/06/2024,,,,
239,bdbsbb,hospitality,formsAndChecklists,Afghanistan,ArabStates,mobile,Mobile,"3,000",14/06/2024,,,,
240,hsbsb,hospitality,taskManagement,Afghanistan,ArabStates,mobile,Mobile,"3,000",14/06/2024,,,,
243,ku,hospitality,taskManagement,Afghanistan,ArabStates,mobile,Mobile,"3,000",14/06/2024,,,,
248,bbbxbzb,foodBeverages,taskManagement,Afghanistan,ArabStates,mobile,Mobile,"3,000",14/06/2024,,,,
250,bdbsb,hospitality,formsAndChecklists,Afghanistan,ArabStates,mobile,Mobile,"3,000",14/06/2024,,,,
251,xnndb,foodBeverages,taskManagement,Afghanistan,ArabStates,mobile,Mobile,"3,000",14/06/2024,,,,
252,jsnsn,hospitality,taskManagement,Afghanistan,ArabStates,mobile,Mobile,"3,000",14/06/2024,,,,
253,bdbsbb,hospitality,formsAndChecklists,Afghanistan,ArabStates,mobile,Mobile,"3,000",14/06/2024,,,,
256,nsjsn,foodBeverages,formsAndChecklists,Afghanistan,ArabStates,mobile,Mobile,"3,000",14/06/2024,,,,
257,nxbznsnn,hospitality,taskManagement,Afghanistan,ArabStates,mobile,Mobile,"3,000",14/06/2024,,,,
258,bdhzbsb,hospitality,taskManagement,Afghanistan,ArabStates,mobile,Mobile,"3,000",14/06/2024,,,,
259,bxbzbb,hospitality,formsAndChecklists,Afghanistan,ArabStates,mobile,Mobile,"3,000",14/06/2024,,,,
260,Vedouc√≠ provoz≈Ø,manufacturing,taskManagement,Czechia,Europe,cpc-google,PC,75,14/06/2024,,,,
261,Ondersteuner L6,education,scheduling,Netherlands,Europe,cpc-google,PC,40,14/06/2024,,,,
263,bdbsb,hospitality,formsAndChecklists,Afghanistan,ArabStates,mobile,Mobile,"3,000",14/06/2024,,,,
266,bbbxbzb,hospitality,formsAndChecklists,Afghanistan,ArabStates,mobile,Mobile,"3,000",14/06/2024,,,,
267,nxbs,retail,taskManagement,Afghanistan,ArabStates,mobile,Mobile,"3,000",14/06/2024,,,,
268,hd,foodBeverages,taskManagement,Afghanistan,ArabStates,mobile,Mobile,"3,000",14/06/2024,,,,
274,ndnsb,hospitality,formsAndChecklists,Afghanistan,ArabStates,mobile,Mobile,"3,000",14/06/2024,,,,
275,jdbsb,construction,formsAndChecklists,Afghanistan,ArabStates,mobile,Mobile,"3,000",14/06/2024,,,,
278,bxbzbb,retail,formsAndChecklists,Afghanistan,ArabStates,mobile,Mobile,"3,000",14/06/2024,,,,
279,sjnsn,hospitality,taskManagement,Afghanistan,ArabStates,mobile,Mobile,"3,000",14/06/2024,,,,
281,nx,hospitality,taskManagement,Afghanistan,ArabStates,mobile,Mobile,"3,000",14/06/2024,,,,
282,bdbzbb,retail,taskManagement,Afghanistan,ArabStates,mobile,Mobile,"3,000",14/06/2024,,,,
285,bdbsbsb,hospitality,taskManagement,Afghanistan,ArabStates,mobile,Mobile,"3,000",14/06/2024,,,,
286,ndhsbsb,hospitality,taskManagement,Afghanistan,ArabStates,mobile,Mobile,"3,000",14/06/2024,,,,
287,bshsb,hospitality,taskManagement,Afghanistan,ArabStates,mobile,Mobile,"3,000",14/06/2024,,,,
290,vbb,retail,formsAndChecklists,Afghanistan,ArabStates,mobile,Mobile,"3,000",14/06/2024,,,,
291,bxbzb,retail,formsAndChecklists,Afghanistan,ArabStates,mobile,Mobile,"3,000",14/06/2024,,,,
294,bbbxbzb,construction,schedule,Afghanistan,ArabStates,mobile,Mobile,75,14/06/2024,,,,
295,b,retail,taskManagement,Afghanistan,ArabStates,mobile,Mobile,"3,000",14/06/2024,,,,
297,hdhsjsbn,hospitality,taskManagement,Afghanistan,ArabStates,mobile,Mobile,"3,000",14/06/2024,,,,
298,hsh,hospitality,taskManagement,Afghanistan,ArabStates,mobile,Mobile,"3,000",14/06/2024,,,,
299,hdbsv,hospitality,formsAndChecklists,Afghanistan,ArabStates,mobile,Mobile,"3,000",14/06/2024,,,,
300,ndnsbsbb,hospitality,schedule,Afghanistan,ArabStates,mobile,Mobile,"3,000",14/06/2024,,,,
301,ndnsbsb,retail,taskManagement,Afghanistan,ArabStates,mobile,Mobile,"3,000",14/06/2024,,,,
305,bs be b,hospitality,formsAndChecklists,Afghanistan,ArabStates,mobile,Mobile,"3,000",14/06/2024,,,,
308,dbbs,hospitality,formsAndChecklists,Afghanistan,ArabStates,mobile,Mobile,"3,000",14/06/2024,,,,
309,jxnxb,hospitality,taskManagement,Afghanistan,ArabStates,mobile,Mobile,"3,000",14/06/2024,,,,
313,hhxhsb,foodBeverages,formsAndChecklists,Afghanistan,ArabStates,mobile,Mobile,"3,000",14/06/2024,,,,
315,bBabb,retail,taskManagement,Afghanistan,ArabStates,mobile,Mobile,"3,000",14/06/2024,,,,
316,hdbdbb,hospitality,formsAndChecklists,Afghanistan,ArabStates,mobile,Mobile,"3,000",14/06/2024,,,,
322,ndbb,construction,taskManagement,Afghanistan,ArabStates,mobile,Mobile,"3,000",14/06/2024,,,,
325,hb,hospitality,taskManagement,Afghanistan,ArabStates,mobile,Mobile,"3,000",14/06/2024,,,,
327,sbsbsnnsbs ms,hospitality,schedule,Afghanistan,ArabStates,mobile,Mobile,"3,000",14/06/2024,,,,
329,bdhzbsb,retail,schedule,Afghanistan,ArabStates,mobile,Mobile,"3,000",14/06/2024,,,,
330,bsbsb,hospitality,taskManagement,Afghanistan,ArabStates,mobile,Mobile,"3,000",14/06/2024,,,,
331,bd,hospitality,schedule,Afghanistan,ArabStates,mobile,Mobile,"3,000",14/06/2024,,,,
332,db,hospitality,taskManagement,Afghanistan,ArabStates,mobile,Mobile,"3,000",14/06/2024,,,,
335,hsh,retail,schedule,Afghanistan,ArabStates,mobile,Mobile,"3,000",14/06/2024,,,,
338,db,retail,formsAndChecklists,Afghanistan,ArabStates,mobile,Mobile,350,14/06/2024,,,,
340,nb,hospitality,taskManagement,Afghanistan,ArabStates,mobile,Mobile,"3,000",14/06/2024,,,,
342,ndhsbsb,hospitality,formsAndChecklists,Afghanistan,ArabStates,mobile,Mobile,"3,000",14/06/2024,,,,
345,nxnzbb,retail,schedule,Afghanistan,ArabStates,mobile,Mobile,"3,000",14/06/2024,,,,
346,hxbsbsb,hospitality,schedule,Afghanistan,ArabStates,mobile,Mobile,"3,000",14/06/2024,,,,
347,bdzbb,hospitality,taskManagement,Afghanistan,ArabStates,mobile,Mobile,"3,000",14/06/2024,,,,
355,bsbb,hospitality,formsAndChecklists,Afghanistan,ArabStates,mobile,Mobile,750,14/06/2024,,,,
356,dfty,retail,schedule,Afghanistan,ArabStates,mobile,Mobile,"3,000",14/06/2024,,,,
359,bs be b,retail,formsAndChecklists,Afghanistan,ArabStates,mobile,Mobile,"3,000",14/06/2024,,,,
360,sn,hospitality,taskManagement,Afghanistan,ArabStates,mobile,Mobile,"3,000",14/06/2024,,,,
368,nznznsn,construction,taskManagement,Afghanistan,ArabStates,mobile,Mobile,"3,000",14/06/2024,,,,
369,bdbsbsb,hospitality,taskManagement,Afghanistan,ArabStates,mobile,Mobile,"3,000",14/06/2024,,,,
370,db,hospitality,taskManagement,Afghanistan,ArabStates,mobile,Mobile,"3,000",14/06/2024,,,,
376,h,hospitality,schedule,Afghanistan,ArabStates,mobile,Mobile,350,14/06/2024,,,,
378,vsbsb,hospitality,formsAndChecklists,Afghanistan,ArabStates,mobile,Mobile,"3,000",14/06/2024,,,,
381,bdbdb,hospitality,taskManagement,Afghanistan,ArabStates,mobile,Mobile,"3,000",14/06/2024,,,,
382,xnznb,hospitality,taskManagement,Afghanistan,ArabStates,mobile,Mobile,"3,000",14/06/2024,,,,
383,bgg,retail,taskManagement,Afghanistan,ArabStates,mobile,Mobile,"3,000",14/06/2024,,,,
385,bxhxbsb,retail,formsAndChecklists,Afghanistan,ArabStates,mobile,Mobile,"3,000",14/06/2024,,,,
392,bdbsbb,retail,taskManagement,Afghanistan,ArabStates,mobile,Mobile,"3,000",14/06/2024,,,,
393,bxbb,hospitality,taskManagement,Afghanistan,ArabStates,mobile,Mobile,"3,000",14/06/2024,,,,
394,bxbsbsb,retail,taskManagement,Afghanistan,ArabStates,mobile,Mobile,"3,000",14/06/2024,,,,
399,bxbxb,construction,taskManagement,Afghanistan,ArabStates,mobile,Mobile,"3,000",14/06/2024,,,,
403,nxbsbsb,hospitality,formsAndChecklists,Afghanistan,ArabStates,mobile,Mobile,"3,000",14/06/2024,,,,
408,db,hospitality,taskManagement,Afghanistan,ArabStates,mobile,Mobile,"3,000",14/06/2024,,,,
416,bxbzb,hospitality,taskManagement,Afghanistan,ArabStates,mobile,Mobile,"3,000",14/06/2024,,,,
417,jdndn,hospitality,taskManagement,Afghanistan,ArabStates,mobile,Mobile,"3,000",14/06/2024,,,,
429,Busssjef/2.dugnadssjef,events,timeTracking,Norway,Europe,cpc-google,Mobile,20,14/06/2024,,,,
431,bbbxbzb,retail,formsAndChecklists,Afghanistan,ArabStates,mobile,Mobile,"3,000",14/06/2024,,,,
432,nzbsb,hospitality,formsAndChecklists,Afghanistan,ArabStates,mobile,Mobile,"3,000",14/06/2024,,,,
435,sn,hospitality,taskManagement,Afghanistan,ArabStates,mobile,Mobile,"3,000",14/06/2024,,,,
437,xbsbb,hospitality,formsAndChecklists,Afghanistan,ArabStates,mobile,Mobile,"3,000",14/06/2024,,,,
438,ndbdbb,hospitality,taskManagement,Afghanistan,ArabStates,mobile,Mobile,"3,000",14/06/2024,,,,
441,xnzn,hospitality,taskManagement,Afghanistan,ArabStates,mobile,Mobile,"3,000",14/06/2024,,,,
442,vbchvb,hospitality,formsAndChecklists,Afghanistan,ArabStates,mobile,Mobile,"3,000",14/06/2024,,,,
443,dnndb,hospitality,taskManagement,Afghanistan,ArabStates,mobile,Mobile,"3,000",14/06/2024,,,,
445,db,construction,formsAndChecklists,Afghanistan,ArabStates,mobile,Mobile,"3,000",14/06/2024,,,,
446,ndbsbsbwjn,hospitality,taskManagement,Afghanistan,ArabStates,mobile,Mobile,"3,000",14/06/2024,,,,
448,`,other,checklists,United States of America,NorthAmerica,cpc-google,PC,75,14/06/2024,,,,
452,bbbxbzb,hospitality,taskManagement,Afghanistan,ArabStates,mobile,Mobile,"3,000",14/06/2024,,,,
453,bsnsn,retail,taskManagement,Afghanistan,ArabStates,mobile,Mobile,"3,000",14/06/2024,,,,
454,dnsnbsb,hospitality,formsAndChecklists,Afghanistan,ArabStates,mobile,Mobile,"3,000",14/06/2024,,,,
457,nxnsn,hospitality,taskManagement,Afghanistan,ArabStates,mobile,Mobile,"3,000",14/06/2024,,,,
460,bdbdb,retail,formsAndChecklists,Afghanistan,ArabStates,mobile,Mobile,"3,000",14/06/2024,,,,
461,bxbsb,healthcare,taskManagement,Afghanistan,ArabStates,mobile,Mobile,"3,000",14/06/2024,,,,
463,◊°◊í◊ü ◊û◊†◊î◊ú,retail,schedule,Israel,Israel,cpc-google_il,PC,20,14/06/2024,,,,
464,jdbsb,retail,formsAndChecklists,Afghanistan,ArabStates,mobile,Mobile,"3,000",14/06/2024,,,,
465,hsh,hospitality,schedule,Afghanistan,ArabStates,mobile,Mobile,"3,000",14/06/2024,,,,
466,vbchvb,retail,taskManagement,Afghanistan,ArabStates,mobile,Mobile,40,14/06/2024,,,,
467,ndnxb,hospitality,taskManagement,Afghanistan,ArabStates,mobile,Mobile,"3,000",14/06/2024,,,,
472,bdbshsbb,hospitality,taskManagement,Afghanistan,ArabStates,mobile,Mobile,"3,000",14/06/2024,,,,
473,wepip20644@rickux.com,security,schedule,Uzbekistan,APAC,mobile,Mobile,350,14/06/2024,,,,
474,hxhdbb,hospitality,taskManagement,Afghanistan,ArabStates,mobile,Mobile,"3,000",14/06/2024,,,,
477,nxbsbb,retail,formsAndChecklists,Afghanistan,ArabStates,mobile,Mobile,"3,000",14/06/2024,,,,
478,hznsnsb,hospitality,formsAndChecklists,Afghanistan,ArabStates,mobile,Mobile,"3,000",14/06/2024,,,,
530,coll√©gienne,retail,timeTracking,France,Europe,cpc-google,PC,20,13/06/2024,,,,
537,Researcher 1,healthcare,timeTracking,United States of America,NorthAmerica,cpc-google,PC,20,13/06/2024,,,,
552,◊û◊ò◊§◊ú◊ï◊™ / ◊í◊†◊†◊ï◊™ / ◊ê◊†◊©◊ô ◊¶◊ï◊ï◊™,other,timeTracking,Israel,Israel,organic,Mobile,20,13/06/2024,,,,
573,Bitr√§de,retail,general,Sweden,Europe,mobile,Mobile,20,13/06/2024,,,,
587,2ic,healthcare,schedule,Australia,APAC,mobile,Mobile,20,13/06/2024,,,,
660,◊û◊ò◊§◊ú◊™,healthcare,general,Israel,Israel,mobile,Mobile,"3,000",13/06/2024,,,,
663,Owner & CEO,education,timeTracking,United States of America,NorthAmerica,cpc-google,PC,"3,000",13/06/2024,,,,
666,◊û◊†◊î◊ú,retail,general,Israel,Israel,direct,PC,20,13/06/2024,,,,
704,1234,security,general,Australia,APAC,mobile,Mobile,"3,000",13/06/2024,,,,
872,FOOD & BEVERAGE,hospitality,general,Saudi Arabia,ArabStates,cpc-google,PC,20,12/06/2024,,,,
899,St√§dansvarig,cleaning,checklists,Sweden,Europe,cpc-google,PC,20,12/06/2024,,,,
926,estagi√°ria,other,checklists,Brazil,SouthAmerica,cpc-google,PC,40,12/06/2024,,,,
1007,Executive Assistant & Events,hospitality,scheduling,New Zealand,APAC,cpc-google,PC,20,12/06/2024,,,,
1014,◊ë◊¢◊ú◊ô◊ù,foodBeverages,general,Israel,Israel,cpc-google_il,PC,40,12/06/2024,,,,
1129,M√©dico Veterin√°ria,healthcare,scheduling,Portugal,Europe,cpc-google,PC,40,11/06/2024,,,,
1142,ANALYST III,healthcare,scheduling,United States of America,NorthAmerica,cpc-Bingpaid,PC,75,11/06/2024,,,,
1143,◊™◊õ◊†◊ô◊™ ◊¢◊ë◊ï◊ì◊î,governmental,scheduling,Israel,Israel,cpc-google_il,PC,20,11/06/2024,,,,
1177,Propri√©taire,construction,schedule,United States of America,NorthAmerica,mobile,Mobile,20,11/06/2024,,,,
1202,◊û◊†◊î◊ú ◊¶◊ï◊ï◊™,npo,general,Israel,Israel,mobile,Mobile,20,11/06/2024,,,,
1255,Peter's Executive Assistant,other,scheduling,United States of America,NorthAmerica,cpc-Bingpaid,PC,20,11/06/2024,,,,
1264,H&S Coordinator,construction,general,New Zealand,APAC,cpc-google_pmax,PC,20,11/06/2024,,,,
1266,◊ß◊¶◊ë,other,timeClock,Israel,Israel,mobile,Mobile,"3,000",11/06/2024,,,,
1284,Administraci√≥n,other,general,Argentina,SouthAmerica,mobile,Mobile,20,11/06/2024,,,,
1302,–∑–∞–º–µ—Å—Ç–∏—Ç–µ–ª—å –¥–∏—Ä–µ–∫—Ç–æ—Ä–∞ –ø–æ —Ä–∞–∑–≤–∏—Ç–∏—é,retail,general,Kazakhstan,APAC,partnerships-partnerstack,PC,150,11/06/2024,,,,
1336,GB3,security,communication,United States of America,NorthAmerica,cpc-google,Mobile,20,11/06/2024,,,,
1401,–¥–∏—Ä–µ–∫—Ç–æ—Ä,manufacturing,general,Israel,Israel,mobile,Mobile,75,10/06/2024,,,,
1437,Training & Quality Assurance Manager,fieldServices,general,United Kingdom,Europe,cpc-elearningindustry,Mobile,40,10/06/2024,,,,
1445,Ijhvvv,healthcare,timeClock,Philippines,APAC,mobile,Mobile,20,10/06/2024,,,,
1458,Fhji8,healthcare,timeClock,Philippines,APAC,mobile,Mobile,20,10/06/2024,,,,
1488,Cohort 2024,other,scheduling,Hong Kong,APAC,cpc-google,PC,20,10/06/2024,,,,
1494,ÿßŸÑŸÖÿ®ÿ±ŸÖÿ¨,foodBeverages,general,Saudi Arabia,ArabStates,cpc-google,PC,75,10/06/2024,,,,
1542,Training & Development Specialist,construction,documentManagement,United States of America,NorthAmerica,cpc-pmp,PC,150,10/06/2024,,,,
1559,7tditditxitd,security,schedule,Pakistan,APAC,mobile,Mobile,75,10/06/2024,,,,
1568,10,construction,timeTracking,South Africa,Africa,cpc-google,Mobile,350,10/06/2024,,,,
1582,◊¶◊ï◊ï◊™ ◊û◊ê◊®◊í◊ü,governmental,taskManagement,Israel,Israel,cpc-google_il,PC,20,10/06/2024,,,,
1637,Ghiii,construction,timeClock,Philippines,APAC,mobile,Mobile,20,10/06/2024,,,,
1704,◊û◊ì◊®◊ô◊ö,foodBeverages,general,Israel,Israel,mobile,Mobile,40,09/06/2024,,,,
1705,◊®◊õ◊ñ◊™ ◊§◊ì◊í◊ï◊í◊ô◊™,education,knowledgeBase,Israel,Israel,,Mobile,40,09/06/2024,,,,
1718,◊û◊†◊õ◊¥◊ú,education,general,Israel,Israel,mobile,Mobile,20,09/06/2024,,,,
1725,◊û◊§◊¢◊ô◊ú ◊û◊õ◊ï◊†◊î,foodBeverages,"timeClock,schedule",Israel,Israel,mobile,Mobile,"3,000",09/06/2024,,,,
1734,◊û◊ì◊®◊ô◊õ◊î,other,"timeClock,schedule",Israel,Israel,mobile,Mobile,20,09/06/2024,,,,
1759,Bosssing,foodBeverages,"timeClock,schedule",United States of America,NorthAmerica,mobile,Mobile,75,09/06/2024,,,,
1764,◊ô◊¶◊ï◊®,manufacturing,general,Israel,Israel,mobile,Mobile,20,09/06/2024,,,,
1780,◊¢◊ï◊ë◊ì◊™ ◊ô◊ô◊¶◊ï◊®,manufacturing,schedule,Israel,Israel,mobile,Mobile,75,09/06/2024,,,,
1803,"Harrison, Watersports",events,timeClock,Canada,NorthAmerica,mobile,Mobile,40,09/06/2024,,,,
1835,p√©dagogie,other,general,France,Europe,cpc-Bingpaid_brand,PC,40,09/06/2024,,,,
1845,...,foodBeverages,general,Portugal,Europe,mobile,Mobile,20,09/06/2024,,,,
1873,◊û◊†◊õ◊ú,retail,general,Israel,Israel,mobile,Mobile,40,08/06/2024,,,,
1877,Systems & Support Director,other,taskManagement,South Africa,Africa,cpc-google,PC,150,08/06/2024,,,,
1973,◊†◊î◊í,transportation,timeClock,Israel,Israel,mobile,Mobile,150,08/06/2024,,,,
1986,◊û◊™◊û◊ò◊ô◊ß◊î,healthcare,schedule,Israel,Israel,cpc-google_il,PC,150,08/06/2024,,,,
1988,engineer mechanic2,healthcare,timeClock,United States of America,NorthAmerica,cpc-Bingpaid,PC,20,08/06/2024,,,,
2023,"Owner, Director",entertainment,general,United States of America,NorthAmerica,mobile,Mobile,20,07/06/2024,,,,
2058,R√©gie,religious,general,United States of America,NorthAmerica,mobile,Mobile,20,07/06/2024,,,,
2076,L&D Specialist,other,general,Croatia,Europe,direct,PC,150,07/06/2024,,,,
2099,Cafe & Store Manager,foodBeverages,scheduling,United States of America,NorthAmerica,cpc-google,PC,20,07/06/2024,,,,
2144,HR & Office Manager,npo,general,United States of America,NorthAmerica,cpc-pmp,Tablet,20,07/06/2024,,,,
2158,FP&A Manager,other,checklists,New Zealand,APAC,cpc-google,PC,150,07/06/2024,,,,
2207,Charg√© de projet,governmental,scheduling,France,Europe,cpc-google,PC,"3,000",07/06/2024,,,,
2221,Founder & President,security,general,United States of America,NorthAmerica,mobile,Mobile,20,07/06/2024,,,,
2268,◊û◊†◊î◊ú ◊ê◊ñ◊ï◊®,retail,scheduling,Israel,Israel,cpc-google_il,PC,75,07/06/2024,,,,
2288,eeee,security,timeTracking,Canada,NorthAmerica,cpc-google,PC,750,07/06/2024,,,,
2305,Sales & Marketing Director,manufacturing,scheduling,United Arab Emirates,ArabStates,cpc-google,PC,40,07/06/2024,,,,
2334,Conseiller RH & SST,manufacturing,checklists,Canada,NorthAmerica,cpc-google,PC,40,06/06/2024,,,,
2344,"Head, Administration, Finance and HR Department",healthcare,general,Philippines,APAC,organic,PC,20,06/06/2024,,,,
2358,18,healthcare,general,Myanmar,APAC,mobile,Mobile,75,06/06/2024,,,,
2375,Pr√©sident,events,general,France,Europe,mobile,Mobile,40,06/06/2024,,,,
2422,315-648-3217,security,timeClock,United States of America,NorthAmerica,organic,PC,40,06/06/2024,,,,
2428,◊û◊§◊¢◊ô◊ú,security,general,Israel,Israel,mobile,Mobile,750,06/06/2024,,,,
2446,◊û◊ï◊ß◊ì◊†◊ô◊™ ◊§◊†◊ô◊ï◊™ ◊¶◊ô◊ë◊ï◊®,other,general,Israel,Israel,,Mobile,350,06/06/2024,,,,
2451,mmm,hospitality,scheduling,Canada,NorthAmerica,cpc-google,PC,750,06/06/2024,,,,
2455,Personalf√ºhrung,healthcare,schedule,Germany,Europe,mobile,Mobile,20,06/06/2024,,,,
2456,Roadshow and Te's Teamleader,telecom,general,Kiribati,APAC,mobile,Mobile,75,06/06/2024,,,,
2465,AAA,education,general,Sweden,Europe,cpc-pmp,PC,20,06/06/2024,,,,
2497,Kassa&Aufsicht,retail,scheduling,United States of America,NorthAmerica,cpc-pmp,PC,20,06/06/2024,,,,
2499,kkkk,manufacturing,timeTracking,United Kingdom,Europe,cpc-google,PC,20,06/06/2024,,,,
2512,COO & Founder,construction,scheduling,United States of America,NorthAmerica,cpc-google_pmax,PC,20,06/06/2024,,,,
2598,–í–ª–∞–¥–µ–ª–µ—Ü,foodBeverages,general,Czechia,Europe,cpc-google,Mobile,20,06/06/2024,,,,
2742,Atferlisfr√¶√∞ingur,other,scheduling,Iceland,Europe,cpc-google,PC,75,05/06/2024,,,,
2813,24818408,foodBeverages,general,Cyprus,APAC,mobile,Mobile,75,05/06/2024,,,,
2835,Children's Ministry Director,religious,scheduling,United States of America,NorthAmerica,cpc-google,PC,40,05/06/2024,,,,
2842,–ê–¥–º–∏–Ω–∏—Å—Ç—Ä–∞—Ç–æ—Ä,foodBeverages,general,Lithuania,Europe,cpc-Bingpaid_brand,PC,20,05/06/2024,,,,
2993,—Å—Ç–∞—Ä—à–∏–π –º–∞—Å—Ç–µ—Ä,security,general,Belarus,Europe,uncategorized,PC,75,04/06/2024,,,,
3006,2,retail,timeTracking,Austria,Europe,cpc-Bingpaid,PC,75,04/06/2024,,,,
3109,◊†◊ô◊î◊ï◊ú,foodBeverages,general,Israel,Israel,mobile,Mobile,20,04/06/2024,,,,
3117,DDD,foodBeverages,scheduling,France,Europe,cpc-Bingpaid,PC,350,04/06/2024,,,,
3170,Cobran√ßa,manufacturing,checklists,Brazil,SouthAmerica,cpc-google,PC,750,04/06/2024,,,,
3249,◊ê◊ë◊ò◊ó◊î,security,general,Israel,Israel,mobile,Mobile,20,04/06/2024,,,,
3290,Pr√©sidente,healthcare,general,France,Europe,organic,PC,75,04/06/2024,,,,
3309,Analista de Gente & Gest√£o,education,general,Brazil,SouthAmerica,cpc-google_brand,PC,20,03/06/2024,,,,
3313,Tec. de seguran√ßa,manufacturing,checklists,Brazil,SouthAmerica,cpc-google,PC,150,03/06/2024,,,,
3315,Business Development & Administration Manager,construction,general,Saudi Arabia,ArabStates,mobile,Mobile,40,03/06/2024,,,,
3325,Directrice des op√©rations,foodBeverages,checklists,Canada,NorthAmerica,cpc-google,PC,75,03/06/2024,,,,
3329,Gesch√§ftsf√ºhrer,cleaning,general,Germany,Europe,mobile,Mobile,20,03/06/2024,,,,
3416,ÿ≥Ÿàÿ®ÿ± ŸÅÿßŸäÿ≤,construction,taskManagement,Jordan,ArabStates,mobile,Mobile,750,03/06/2024,,,,
3481,Coordinador de capacitaci√≥n,foodBeverages,general,Mexico,NorthAmerica,cpc-google,PC,75,03/06/2024,,,,
3507,◊û◊†◊î◊ú ◊™◊§◊¢◊ï◊ú,healthcare,general,Israel,Israel,cpc-google_il,PC,20,03/06/2024,,,,
3587,◊ô◊¶◊ï◊®,construction,general,Israel,Israel,direct,Mobile,"3,000",03/06/2024,,,,
3675,◊ô◊ô◊¶◊ï◊®,manufacturing,general,Israel,Israel,mobile,Mobile,20,02/06/2024,,,,
3681,"◊û◊†◊õ""◊ú",transportation,general,Israel,Israel,cpc-google_il,PC,350,02/06/2024,,,,
3828,Propriet√°rio,construction,checklists,Brazil,SouthAmerica,cpc-google,PC,20,01/06/2024,,,,
3900,◊©◊û◊ô◊®◊ï◊™,security,scheduling,Israel,Israel,cpc-google_il,PC,40,01/06/2024,,,,
